Gene,Department,Upstream_Tokens,Upstream_PIC_Tokens,Upstream_PIC_Pct,GeneBody_Tokens,GeneBody_PIC_Tokens,GeneBody_PIC_Pct
BAX,Apoptosis,25,3,12.0,49,3,6.1
BCL2,Apoptosis,23,3,13.0,1014,84,8.3
BID,Apoptosis,24,2,8.3,226,21,9.3
CASP3,Apoptosis,33,1,3.0,119,6,5.0
XIAP,Apoptosis,39,2,5.1,275,27,9.8
CD44,Cell_adhesion,21,3,14.3,478,44,9.2
CDH1,Cell_adhesion,33,5,15.2,579,51,8.8
ITGB1,Cell_adhesion,20,2,10.0,594,45,7.6
PECAM1,Cell_adhesion,25,3,12.0,567,44,7.8
VCAM1,Cell_adhesion,19,2,10.5,103,5,4.9
CCND1,Cell_cycle,20,2,10.0,79,5,6.3
CDC20,Cell_cycle,28,4,14.3,31,1,3.2
CDK2,Cell_cycle,27,4,14.8,25,3,12.0
PLK1,Cell_cycle,22,4,18.2,78,5,6.4
RB1,Cell_cycle,21,1,4.8,1429,99,6.9
DNMT3A,Chromatin,33,3,9.1,666,52,7.8
EZH2,Chromatin,18,3,16.7,390,31,7.9
HDAC1,Chromatin,37,3,8.1,253,24,9.5
KDM5B,Chromatin,37,1,2.7,461,45,9.8
SMARCA4,Chromatin,28,6,21.4,703,73,10.4
ACTB,Cytoskeleton,33,5,15.2,209,25,12.0
DYNC1H1,Cytoskeleton,31,2,6.5,522,29,5.6
KIF5B,Cytoskeleton,29,1,3.4,238,13,5.5
MYH9,Cytoskeleton,21,6,28.6,646,54,8.4
TUBB,Cytoskeleton,28,3,10.7,27,0,0.0
ATM,DNA_repair,20,2,10.0,771,56,7.3
BRCA1,DNA_repair,19,2,10.5,693,53,7.6
MLH1,DNA_repair,27,1,3.7,319,22,6.9
RAD51,DNA_repair,25,4,16.0,183,18,9.8
XRCC1,DNA_repair,24,0,0.0,242,19,7.9
ARF1,GTPase,23,0,0.0,96,6,6.2
CDC42,GTPase,23,3,13.0,271,21,7.7
RAB7A,GTPase,27,4,14.8,725,68,9.4
RAC1,GTPase,21,6,28.6,177,14,7.9
RHOA,GTPase,35,8,22.9,291,40,13.7
CD4,Immune,24,0,0.0,209,15,7.2
IFNG,Immune,29,1,3.4,18,2,11.1
IL6,Immune,25,3,12.0,39,1,2.6
TLR4,Immune,16,1,6.2,116,13,11.2
TNF,Immune,38,5,13.2,16,1,6.2
CACNA1C,Ion_channel,24,3,12.5,4170,289,6.9
CFTR,Ion_channel,35,2,5.7,2175,167,7.7
KCNQ1,Ion_channel,29,1,3.4,2206,184,8.3
SCN5A,Ion_channel,24,2,8.3,615,54,8.8
TRPV1,Ion_channel,35,3,8.6,281,21,7.5
ABL1,Kinase,26,3,11.5,992,106,10.7
BRAF,Kinase,33,1,3.0,1060,87,8.2
EGFR,Kinase,33,1,3.0,1111,99,8.9
JAK2,Kinase,33,3,9.1,721,68,9.4
SRC,Kinase,23,2,8.7,324,22,6.8
DOT1L,Methylation,25,5,20.0,449,41,9.1
METTL3,Methylation,17,1,5.9,60,2,3.3
NSD1,Methylation,35,4,11.4,890,108,12.1
PRMT1,Methylation,27,3,11.1,75,7,9.3
SETD2,Methylation,29,3,10.3,816,68,8.3
DUSP1,Phosphatase,24,2,8.3,29,2,6.9
PPP2CA,Phosphatase,25,3,12.0,158,10,6.3
PTEN,Phosphatase,22,6,27.3,565,35,6.2
PTPN11,Phosphatase,38,4,10.5,558,58,10.4
PTPRC,Phosphatase,25,1,4.0,624,39,6.2
ADAM17,Proteolysis,24,2,8.3,394,26,6.6
CASP8,Proteolysis,18,2,11.1,684,52,7.6
CTSD,Proteolysis,21,2,9.5,79,6,7.6
MMP9,Proteolysis,32,1,3.1,35,3,8.6
USP7,Proteolysis,30,3,10.0,416,48,11.5
DDX5,RNA_processing,26,1,3.8,41,0,0.0
HNRNPA1,RNA_processing,28,4,14.3,30,6,20.0
PRPF8,RNA_processing,24,6,25.0,229,20,8.7
SF3B1,RNA_processing,23,1,4.3,239,17,7.1
SRSF1,RNA_processing,21,2,9.5,38,3,7.9
AKT1,Signaling,19,0,0.0,180,10,5.6
KRAS,Signaling,28,2,7.1,213,19,8.9
NOTCH1,Signaling,27,1,3.7,297,17,5.7
PIK3CA,Signaling,19,1,5.3,414,30,7.2
WNT3A,Signaling,28,2,7.1,328,31,9.5
COL1A1,Structural,31,5,16.1,151,10,6.6
FLNA,Structural,29,4,13.8,151,14,9.3
KRT18,Structural,31,4,12.9,55,2,3.6
LMNA,Structural,26,1,3.8,412,31,7.5
VIM,Structural,28,2,7.1,42,6,14.3
FOXP2,Transcription,27,4,14.8,3056,206,6.7
IRF1,Transcription,20,3,15.0,383,37,9.7
JUN,Transcription,17,2,11.8,30,2,6.7
KLF4,Transcription,34,4,11.8,19,1,5.3
MYC,Transcription,34,1,2.9,41,2,4.9
EEF2,Translation,22,4,18.2,53,3,5.7
EIF2AK2,Translation,29,2,6.9,296,23,7.8
EIF4E,Translation,19,1,5.3,254,21,8.3
MTOR,Translation,31,1,3.2,868,72,8.3
RPS6,Translation,23,1,4.3,27,2,7.4
ABCB1,Transport,24,2,8.3,1053,91,8.6
ATP1A1,Transport,35,3,8.6,201,17,8.5
SLC12A2,Transport,29,4,13.8,469,29,6.2
SLC2A1,Transport,34,2,5.9,184,17,9.2
SLC6A3,Transport,24,3,12.5,279,23,8.2
MDM2,Ubiquitin,27,5,18.5,177,17,9.6
NEDD4,Ubiquitin,25,2,8.0,912,55,6.0
RNF2,Ubiquitin,19,1,5.3,311,17,5.5
TRIM28,Ubiquitin,28,1,3.6,59,7,11.9
UBE2I,Ubiquitin,28,2,7.1,210,18,8.6
