function_sequence,recurrence,n_funcs,n_chromosomes,chromosomes,program_count
Unclassified|Cytoskeleton|DNA repair,150,3,24,"chr1,chr10,chr11,chr12,chr13,chr14,chr15,chr16,chr17,chr18,chr19,chr2,chr20,chr21,chr22,chr3,chr4,chr5,chr6,chr7,chr8,chr9,chrx,chry",272
Unclassified|Cell cycle|Methylation|Cell cycle|Methylation|Cell cycle|Methylation|Cell cycle|Methylation|Cell cycle|Methylation|Cell cycle|Methylation|Transcription|Chromatin|Transcription|Chromatin|Transcription|Chromatin|Transcription|Chromatin|Transcription|Chromatin,108,5,1,chr22,108
Unclassified|Cell adhesion|Chromatin|Unclassified,108,3,1,chr22,108
Unclassified|Cell adhesion|Unclassified|Chromatin|Unclassified|Chromatin|Unclassified|Chromatin|Unclassified|Methylation|Cell cycle|Methylation|Cell cycle|Methylation|Cell cycle|Methylation|Cell cycle|Methylation|Cell cycle|Methylation|Cell cycle|Methylation|Cell cycle|Methylation|Cell cycle|Methylation|Cell cycle|Methylation,96,5,1,chr22,96
Unclassified|Kinase|Cell cycle,76,3,22,"chr1,chr10,chr11,chr12,chr13,chr14,chr15,chr16,chr17,chr18,chr19,chr2,chr20,chr22,chr3,chr4,chr5,chr6,chr7,chr8,chr9,chrx",131
Transcription|Cytoskeleton|Phosphatase,68,3,3,"chr14,chr15,chr22",105
Unclassified|Cell adhesion|Chromatin|Cell adhesion|Chromatin|Cell adhesion|Chromatin|Cell adhesion|Chromatin|Cell adhesion|Chromatin|Unclassified,61,3,1,chr15,61
Cytoskeleton|RNA processing|Phosphatase|RNA processing|Phosphatase|Transcription|Ion channel|Transcription|Ion channel|Transcription,60,5,1,chr22,60
Unclassified|Cell cycle|Methylation|Cell cycle|Methylation|Cell cycle|Methylation|Cell cycle|Methylation|Cell cycle|Methylation|Cell cycle|Methylation|Transcription|Chromatin,53,5,1,chr22,53
Unclassified|Cell adhesion|Unclassified|Cell cycle|Methylation|Cell cycle|Methylation|Cell cycle|Methylation|Cell cycle|Methylation|Cell cycle|Methylation|Cell cycle|Methylation,46,4,1,chr22,46
Unclassified|Methylation|Cell cycle|Methylation|Cell cycle|Methylation|Cell cycle|Methylation|Cell cycle|Methylation|Cell cycle|Methylation|Cell cycle|Methylation|Cell cycle|Methylation|Cell cycle|Methylation|Cell cycle|Methylation|Transcription,40,4,1,chr22,40
Unclassified|Cell adhesion|Unclassified|Chromatin|Unclassified|Chromatin|Unclassified|Chromatin|Unclassified|Methylation|Cell cycle|Methylation|Cell cycle|Methylation|Cell cycle|Methylation|Cell cycle|Methylation|Cell cycle|Methylation|Cell cycle|Methylation|Cell cycle|Methylation|Cell cycle|Methylation|Cell cycle|Methylation|Transcription,40,6,1,chr22,40
Unclassified|Cell adhesion|Unclassified|Chromatin|Unclassified|Chromatin|Unclassified|Chromatin|Unclassified|Cell cycle|Methylation|Cell cycle|Methylation,34,5,1,chr22,34
Transcription|Cytoskeleton|Phosphatase|Unclassified,33,4,2,"chr15,chr21",60
Methylation|Cell cycle|Methylation|Cell cycle|Methylation|Cell cycle|Methylation|Cell cycle|Methylation|Cell cycle|Methylation|Cell cycle|Methylation|Cell cycle|Methylation|Cell cycle|Methylation|Cell cycle|Methylation|Transcription,30,3,1,chr22,30
Unclassified|Chromatin|Cytoskeleton,25,3,10,"chr1,chr10,chr14,chr2,chr3,chr5,chr6,chr8,chr9,chrx",38
Unclassified|Methylation|Cell cycle|Methylation|Cell cycle|Methylation|Cell cycle|Methylation|Cell cycle|Methylation|Cell cycle|Methylation|Cell cycle|Methylation|Cell cycle|Methylation|Cell cycle|Methylation|Cell cycle|Methylation,24,3,1,chr22,24
Unclassified|Cell adhesion|Chromatin|Cell adhesion|Chromatin|Cell adhesion|Chromatin|Cell adhesion|Chromatin|Cell adhesion|Chromatin|Unclassified|Cell cycle|Methylation,23,5,1,chr15,23
Unclassified|Cell cycle|Methylation|Cell cycle|Methylation|Cell cycle|Methylation|Cell cycle|Methylation|Cell cycle|Methylation|Cell cycle|Methylation,23,3,1,chr22,23
Cell cycle|Chromatin|Transcription|Chromatin|Unclassified,20,4,2,"chr21,chr22",20
Transcription|Chromatin|RNA processing,18,3,9,"chr1,chr11,chr15,chr17,chr2,chr3,chr5,chr7,chr8",27
RNA processing|Phosphatase|RNA processing|Phosphatase|Transcription|Ion channel|Transcription|Ion channel|Transcription,18,4,1,chr22,18
Cell cycle|Chromatin|RNA processing,17,3,13,"chr1,chr11,chr12,chr14,chr15,chr18,chr19,chr2,chr22,chr3,chr5,chr8,chrx",30
Unclassified|Kinase|Cytoskeleton,17,3,13,"chr1,chr10,chr11,chr12,chr14,chr15,chr19,chr2,chr3,chr5,chr8,chr9,chrx",28
Unclassified|Chromatin|Cytoskeleton|DNA repair,16,4,13,"chr1,chr10,chr15,chr16,chr2,chr21,chr3,chr4,chr5,chr6,chr8,chr9,chrx",27
Unclassified|Cell cycle|Cytoskeleton,15,3,14,"chr1,chr10,chr11,chr12,chr15,chr17,chr20,chr3,chr4,chr5,chr6,chr7,chr8,chr9",24
RNA processing|Unclassified|Cell cycle,15,3,10,"chr1,chr10,chr12,chr16,chr19,chr2,chr3,chr4,chr8,chr9",28
Unclassified|Kinase|Cytoskeleton|DNA repair,14,4,10,"chr1,chr12,chr17,chr18,chr2,chr20,chr3,chr5,chr6,chr7",21
Unclassified|Chromatin|DNA repair,14,3,5,"chr1,chr2,chr3,chr5,chr7",15
Transcription|Phosphatase|Unclassified,14,3,1,chr21,14
Unclassified|Cell cycle|Methylation|Cell cycle|Methylation|Transcription,14,4,1,chr22,14
Unclassified|Cell adhesion|Unclassified|Cell cycle|Methylation|Cell cycle,14,4,1,chr22,14
Unclassified|Cell adhesion|Chromatin|Cell adhesion|Chromatin|Cell adhesion|Chromatin|Cell adhesion|Chromatin|Cell adhesion|Chromatin|Unclassified|Cell cycle,13,4,1,chr15,13
Unclassified|Cell adhesion|Chromatin|Cell adhesion|Chromatin|Unclassified|Chromatin|Unclassified,13,3,1,chr21,13
Chromatin|Unclassified|Cytoskeleton,12,3,8,"chr14,chr16,chr20,chr22,chr5,chr6,chr7,chr9",15
Cell cycle|Methylation|Cell cycle|Methylation|Cell cycle|Methylation|Cell cycle|Methylation|Cell cycle|Methylation|Cell cycle|Methylation|Transcription|Chromatin|Transcription|Chromatin|Transcription|Chromatin|Transcription|Chromatin|Transcription|Chromatin,12,4,1,chr22,12
Unclassified|Cell adhesion|Chromatin|Cell adhesion|Chromatin|Cell adhesion|Chromatin|Cell adhesion|Chromatin|Cell adhesion|Chromatin|Unclassified|Cell cycle|Methylation|Transcription,12,6,1,chr15,12
Unclassified|Cell adhesion|Unclassified|Cell cycle|Methylation|Cell cycle|Methylation|Cell cycle|Methylation|Cell cycle|Methylation|Cell cycle|Methylation|Cell cycle|Methylation|Transcription,12,5,1,chr22,12
Unclassified|RNA processing|Cell cycle,11,3,10,"chr1,chr10,chr13,chr15,chr16,chr17,chr5,chr6,chr7,chrx",27
Transcription|Chromatin|Structural,11,3,10,"chr14,chr16,chr18,chr20,chr21,chr4,chr5,chr7,chr8,chr9",14
Cell cycle|Chromatin|Structural,11,3,8,"chr10,chr15,chr16,chr19,chr2,chr5,chr7,chr9",17
RNA processing|Unclassified|Cytoskeleton,10,3,5,"chr19,chr21,chr4,chr6,chr8",10
RNA processing|Unclassified|Cytoskeleton|DNA repair,10,4,4,"chr14,chr2,chr3,chr9",13
Cell cycle|Methylation|Transcription,10,3,3,"chr14,chr15,chr21",40
Cell cycle|Chromatin|Unclassified,9,3,12,"chr1,chr12,chr13,chr14,chr15,chr17,chr2,chr20,chr3,chr4,chr6,chr7",80
Chromatin|Transcription|Chromatin|Unclassified,9,3,9,"chr12,chr13,chr2,chr20,chr3,chr6,chr7,chr8,chrx",14
Chromatin|Transcription|Chromatin|RNA processing,9,3,9,"chr1,chr10,chr11,chr12,chr14,chr3,chr5,chr6,chr8",21
Unclassified|Kinase|Cell cycle|Unclassified,9,3,6,"chr10,chr2,chr20,chr22,chr6,chr8",10
Unclassified|Cell adhesion|Chromatin|Cell adhesion|Chromatin|Unclassified|Chromatin|Unclassified|Cell cycle,9,4,1,chr21,9
Unclassified|Kinase|Cell cycle|Cytoskeleton,8,4,9,"chr11,chr12,chr19,chr2,chr20,chr3,chr7,chr9,chrx",11
Unclassified|RNA processing|Cytoskeleton|Unclassified,8,3,5,"chr14,chr20,chr4,chr6,chrx",11
Unclassified|Chromatin|Cytoskeleton|Chromatin|Cytoskeleton,8,3,5,"chr11,chr15,chr3,chr4,chr6",16
Unclassified|Cytoskeleton|DNA repair|Unclassified,8,3,3,"chr4,chr6,chrx",8
Cytoskeleton|Unclassified|Cytoskeleton|Unclassified|Cytoskeleton|Unclassified|Cytoskeleton|Unclassified|Cytoskeleton|Unclassified|Cytoskeleton|Unclassified|Cytoskeleton|Unclassified|Cytoskeleton|Unclassified|Cytoskeleton|Unclassified|Cytoskeleton|Unclassified|Nuc acid bind|Cell cycle|Nuc acid bind|Cell cycle|Nuc acid bind|Methylation|Nuc acid bind|Methylation|Nuc acid bind|Methylation|Cell cycle|Methylation|Cell cycle,8,5,1,chr21,8
Unclassified|Nuc acid bind|Cell cycle|Nuc acid bind|Cell cycle|Nuc acid bind|Methylation|Nuc acid bind|Methylation|Nuc acid bind|Methylation|Cell cycle|Methylation|Cell cycle|Methylation|Cell cycle|Methylation|Cell cycle|Methylation|Cell cycle|Methylation|Cell cycle|Methylation|Cell cycle|Methylation|Cell cycle|Methylation|Transcription,8,5,1,chr21,8
Unclassified|Cell cycle|RNA processing|Cell cycle,7,3,8,"chr10,chr18,chr22,chr3,chr4,chr6,chr9,chrx",9
Cytoskeleton|DNA repair|Unclassified,7,3,4,"chr1,chr11,chr17,chr7",13
Unclassified|Cell cycle|Methylation|Cell cycle|Methylation|Cell cycle|Methylation|Cell cycle|Methylation|Cell cycle|Methylation|Cell cycle|Methylation|Transcription|Chromatin|Transcription,7,5,1,chr22,7
Unclassified|Cell adhesion|Unclassified|Cell cycle|Methylation|Cell cycle|Methylation|Cell cycle|Methylation|Cell cycle|Methylation|Cell cycle|Methylation|Cell cycle|Methylation|Transcription|Chromatin|Transcription,7,6,1,chr22,7
Chromatin|Cytoskeleton|DNA repair,6,3,7,"chr1,chr12,chr16,chr17,chr19,chr2,chr22",16
Unclassified|Kinase|DNA repair,6,3,6,"chr16,chr3,chr4,chr6,chr7,chr8",7
Transcription|Chromatin|Unclassified,6,3,6,"chr16,chr17,chr19,chr2,chr3,chrx",12
Transcription|Chromatin|Cell adhesion,6,3,5,"chr19,chr22,chr3,chr4,chr6",6
Chromatin|Transcription|Chromatin|Cell cycle,6,3,3,"chr3,chr7,chrx",6
Cell adhesion|Unclassified|Cell cycle|Methylation|Cell cycle|Methylation|Cell cycle|Methylation|Cell cycle|Methylation|Cell cycle|Methylation|Cell cycle|Methylation|Transcription|Chromatin|Transcription|Chromatin|Transcription|Chromatin|Transcription|Chromatin|Transcription|Chromatin,6,6,1,chr22,6
Cell cycle|Methylation|Cell cycle|Methylation|Cell cycle|Methylation|Cell cycle|Methylation|Cell cycle|Methylation|Cell cycle|Methylation|Transcription|Chromatin,6,4,1,chr22,6
Unclassified|Cell adhesion|Unclassified|Cell cycle,6,3,1,chr22,6
Unclassified|Cell adhesion|Unclassified|Cell cycle|Methylation|Cell cycle|Methylation|Cell cycle,6,4,1,chr22,6
Unclassified|Cell adhesion|Unclassified|Cell cycle|Methylation|Cell cycle|Methylation|Cell cycle|Methylation|Cell cycle,6,4,1,chr22,6
Cell cycle|Methylation|Cell cycle|Methylation|Transcription,6,3,1,chr22,6
Ubiquitin|Unclassified|Cell cycle,6,3,1,chr2,6
Unclassified|Nuc acid bind|Cell cycle|Methylation|Cell cycle|Methylation|Cell cycle|Methylation|Cell cycle|Methylation|Cell cycle|Methylation|Cell cycle|Methylation|Cell cycle|Methylation|Cell cycle|Methylation|Transcription,6,5,1,chr21,6
Cell adhesion|Unclassified|Cell cycle|Methylation|Cell cycle|Methylation|Cell cycle|Methylation|Cell cycle|Methylation|Cell cycle|Methylation|Cell cycle|Methylation|Transcription|Chromatin,6,6,1,chr22,6
Chromatin|Unclassified|Transcription,5,3,6,"chr13,chr15,chr17,chr2,chr3,chr5",10
Unclassified|Cytoskeleton|Protein folding,5,3,4,"chr19,chr2,chr5,chr6",5
Chromatin|Unclassified|Cell cycle,5,3,4,"chr17,chr19,chr3,chr9",9
Unclassified|Cytoskeleton|DNA repair|Cytoskeleton,5,3,3,"chr17,chr20,chr9",6
Unclassified|Kinase|Cell cycle|RNA processing|Unclassified,5,4,3,"chr15,chr19,chrx",7
Unclassified|Cell cycle|Methylation|Transcription,5,4,3,"chr14,chr15,chr21",141
Unclassified|Cell adhesion|Cell cycle,5,3,3,"chr11,chr19,chr4",9
Transcription|Unclassified|Cytoskeleton,5,3,3,"chr2,chr3,chr6",5
Unclassified|Cytoskeleton|DNA repair|Cell cycle,5,4,2,"chr2,chr8",5
RNA processing|Chromatin|Cytoskeleton,5,3,2,"chr19,chr6",5
Unclassified|Cell adhesion|Chromatin|Cell adhesion|Chromatin,5,3,1,chr21,5
Unclassified|Cytoskeleton|Cell cycle,4,3,4,"chr11,chr12,chr19,chr6",7
Unclassified|Kinase|Cell cycle|DNA repair,4,4,4,"chr19,chr2,chr4,chr9",4
Unclassified|Structural|Cell cycle,4,3,4,"chr11,chr2,chr4,chr7",6
Proteolysis|Unclassified|Cell cycle,4,3,3,"chr2,chr3,chr4",4
Unclassified|Kinase|RNA processing,4,3,3,"chr2,chr20,chr7",4
Unclassified|Proteolysis|Cytoskeleton,4,3,3,"chr10,chr17,chr2",6
Unclassified|Cytoskeleton|Unclassified|Cell cycle,4,3,2,"chr19,chr3",4
Transcription|Chromatin|Unclassified|Transcription,4,3,2,"chr19,chr2",4
Unclassified|Cell cycle|Unclassified|Cytoskeleton|DNA repair,4,4,2,"chr3,chr6",4
Unclassified|Nuc acid bind|Cell cycle|Methylation|Transcription,4,5,1,chr15,4
Cytoskeleton|Unclassified|Nuc acid bind|Cell cycle,4,4,1,chr15,4
Cytoskeleton|Unclassified|Nuc acid bind|Cell cycle|Methylation,4,5,1,chr15,4
Transcription|Unclassified|Cell cycle,4,3,1,chr5,4
Unclassified|Cytoskeleton|Unclassified|Cytoskeleton|Unclassified|Cytoskeleton|Unclassified|Cytoskeleton|Unclassified|Nuc acid bind|Cell cycle|Methylation|Cell cycle|Methylation|Cell cycle|Methylation|Cell cycle|Methylation|Cell cycle|Methylation|Cell cycle|Methylation|Cell cycle|Methylation|Cell cycle|Methylation,4,5,1,chr21,4
Cell cycle|Transcription|Phosphatase|Chromatin|Unclassified|Transcription|RNA processing,4,6,1,chr7,4
Transport|Unclassified|Cytoskeleton|DNA repair,4,4,1,chr8,4
Unclassified|Cell adhesion|Unclassified|Chromatin|Unclassified|Chromatin|Unclassified|Chromatin|Unclassified|Methylation|Cell cycle|Methylation|Cell cycle|Methylation|Cell cycle|Methylation|Cell cycle|Methylation|Cell cycle|Methylation|Cell cycle|Methylation|Cell cycle|Methylation|Cell cycle|Methylation|Cell cycle,4,5,1,chr22,4
Unclassified|Cell adhesion|Unclassified|Chromatin|Unclassified|Chromatin|Unclassified|Chromatin|Unclassified|Methylation|Cell cycle|Methylation|Cell cycle|Methylation|Cell cycle|Methylation|Cell cycle|Methylation|Cell cycle|Methylation|Cell cycle|Methylation|Cell cycle|Methylation|Cell cycle|Methylation,4,5,1,chr22,4
Transcription|Unclassified|Cytoskeleton|DNA repair,4,4,1,chr6,4
Unclassified|Cell adhesion|Unclassified|Chromatin|Unclassified|Chromatin|Unclassified|Chromatin|Unclassified|Methylation|Cell cycle|Methylation|Cell cycle|Methylation|Cell cycle|Methylation|Cell cycle|Methylation|Cell cycle|Methylation|Cell cycle|Methylation|Cell cycle|Methylation|Cell cycle,4,5,1,chr22,4
Kinase|Unclassified|Cytoskeleton|Chromatin|Cytoskeleton|DNA repair,4,5,1,chr19,4
Structural|Transcription|Chromatin|Cytoskeleton,4,4,1,chr2,4
Cell cycle|Cytoskeleton|DNA repair,4,3,1,chr3,4
Cytoskeleton|Unclassified|Cytoskeleton|Unclassified|Cytoskeleton|Unclassified|Cytoskeleton|Unclassified|Cytoskeleton|Unclassified|Nuc acid bind|Cell cycle|Methylation|Cell cycle,4,5,1,chr21,4
Proteolysis|Unclassified|Cytoskeleton,3,3,4,"chr13,chr17,chr2,chr4",5
Chromatin|Ubiquitin|Unclassified,3,3,4,"chr15,chr4,chr5,chr9",4
Unclassified|Kinase|Cell cycle|RNA processing,3,4,4,"chr14,chr19,chr3,chr5",4
Unclassified|Cell cycle|Protein folding,3,3,2,"chr15,chr4",5
Unclassified|Transcription|Cytoskeleton|DNA repair,3,4,2,"chr2,chr8",3
Proteolysis|Unclassified|Ubiquitin,3,3,2,"chr1,chrx",5
Cell cycle|Chromatin|RNA processing|Chromatin,3,3,2,"chr2,chr6",3
Cytoskeleton|Chromatin|Transcription|Chromatin,3,3,2,"chr2,chr20",3
Cytoskeleton|Cell cycle|Unclassified|Cell cycle,3,3,2,"chr5,chr7",3
Cytoskeleton|Transcription|Chromatin,3,3,2,"chr2,chr8",3
DNA repair|Unclassified|Cytoskeleton|DNA repair,3,3,2,"chr16,chr4",6
Unclassified|Transcription|DNA repair,3,3,1,chr5,3
Unclassified|Cell adhesion|Chromatin|Cell adhesion|Chromatin|Unclassified|Chromatin|Unclassified|Cell cycle|Methylation,3,5,1,chr21,3
Cytoskeleton|RNA processing|Unclassified|Kinase|Cytoskeleton,3,4,1,chr7,3
Chromatin|Cell cycle|Chromatin|Cytoskeleton|Cell adhesion,3,4,1,chr5,3
Unclassified|Chromatin|Unclassified|Cell cycle,3,3,1,chr19,3
Chromatin|Unclassified|Cell cycle|Methylation|Transcription,3,5,1,chr21,3
Unclassified|Chromatin|Unclassified|DNA repair,3,3,1,chr19,3
Unclassified|Kinase|Cell cycle|Proteolysis|Unclassified,3,4,1,chr8,3
Chromatin|Unclassified|Cytoskeleton|DNA repair|Chromatin|Unclassified,3,4,1,chr9,3
Chromatin|Structural|Unclassified|Cell cycle,3,4,1,chr3,3
Unclassified|Cell cycle|Methylation|Cell cycle|Methylation|Cell cycle|Methylation|Cell cycle,3,3,1,chr22,3
Unclassified|Cytoskeleton|Chromatin|Cytoskeleton|Chromatin|Cytoskeleton|DNA repair,3,4,1,chr15,3
Cell cycle|Cytoskeleton|DNA repair|Cell cycle|Chromatin|Transcription,3,5,1,chr6,3
Ion channel|Unclassified|Cytoskeleton|DNA repair,3,4,1,chr5,3
Cell cycle|Unclassified|Chromatin|Cytoskeleton,3,4,1,chr2,3
Chromatin|RNA processing|Structural,3,3,1,chr8,3
Transcription|Chromatin|DNA repair,3,3,1,chr20,3
Unclassified|Cell cycle|Chromatin,2,3,5,"chr1,chr14,chr17,chr2,chr5",8
Unclassified|Kinase|Cell cycle|Cytoskeleton|DNA repair,2,5,4,"chr10,chr13,chr5,chr9",6
Cell cycle|Unclassified|Cytoskeleton|DNA repair,2,4,4,"chr1,chr10,chr9,chrx",11
Unclassified|Chromatin|Ubiquitin,2,3,3,"chr1,chr6,chr7",3
Cell cycle|Unclassified|Cytoskeleton,2,3,3,"chr16,chr20,chr3",3
Unclassified|RNA processing|Cytoskeleton,2,3,3,"chr14,chr4,chr9",3
Unclassified|Kinase|RNA processing|Cell cycle,2,4,3,"chr15,chr2,chr3",3
Unclassified|Kinase|Cytoskeleton|Transcription,2,4,3,"chr11,chr7,chr9",4
Unclassified|Proteolysis|Cytoskeleton|Unclassified,2,3,3,"chr11,chr20,chr7",6
Unclassified|Kinase|Chromatin,2,3,3,"chr17,chr19,chr3",3
Unclassified|Chromatin|RNA processing,2,3,3,"chr11,chr2,chr6",3
Structural|Transcription|Chromatin,2,3,2,"chr18,chr4",4
Unclassified|Cell cycle|Structural,2,3,2,"chr2,chr5",2
Unclassified|Cell cycle|Unclassified|Cytoskeleton,2,3,2,"chr6,chr7",2
Cytoskeleton|Unclassified|Cell cycle,2,3,2,"chr1,chr4",3
Transcription|Chromatin|RNA processing|Unclassified,2,4,2,"chr19,chr5",2
Structural|Chromatin|Transcription|Chromatin,2,3,2,"chr19,chr2",2
Cell cycle|Chromatin|Unclassified|Cell cycle,2,3,2,"chr19,chr7",2
Transcription|Unclassified|Chromatin,2,3,2,"chr2,chr7",2
Unclassified|Cytoskeleton|Phosphatase,2,3,2,"chr1,chrx",3
Unclassified|DNA repair|Cytoskeleton,2,3,2,"chr2,chr6",2
Cell cycle|Chromatin|DNA repair,2,3,2,"chr14,chr8",3
Unclassified|Kinase|Cell cycle|Cytoskeleton|Unclassified,2,4,2,"chr2,chrx",2
Chromatin|Structural|Unclassified,2,3,2,"chr4,chrx",2
RNA processing|Unclassified|DNA repair,2,3,2,"chr6,chr9",2
Unclassified|Cell adhesion|DNA repair,2,3,2,"chr13,chr9",3
Cell cycle|Chromatin|Unclassified|Transcription,2,4,2,"chr16,chr7",5
Unclassified|Kinase|Proteolysis,2,3,2,"chr3,chr6",2
Chromatin|Unclassified|Cytoskeleton|DNA repair,2,4,2,"chr13,chr7",3
Unclassified|Structural|Ubiquitin,2,3,2,"chr3,chrx",2
Unclassified|RNA processing|Chromatin,2,3,1,chr2,2
Unclassified|Cytoskeleton|DNA repair|Structural,2,4,1,chr8,2
Nuc acid bind|Cytoskeleton|DNA repair,2,3,1,chr3,2
Transcription|RNA processing|Transcription|Chromatin|RNA processing,2,3,1,chr3,2
Cell cycle|Unclassified|Kinase|Unclassified,2,3,1,chr9,2
DNA repair|Chromatin|Structural|Cytoskeleton,2,4,1,chr9,2
Cytoskeleton|DNA repair|Chromatin|Cell cycle,2,4,1,chr7,2
Unclassified|Cell cycle|RNA processing|Unclassified|Protein folding,2,4,1,chrx,2
Cell cycle|Unclassified|Chromatin,2,3,1,chr20,2
Cell cycle|Chromatin|Cytoskeleton|Chromatin|Cytoskeleton,2,3,1,chr3,2
Unclassified|Cell cycle|Proteolysis|Unclassified|Cytoskeleton,2,4,1,chr5,2
Chromatin|Transcription|Chromatin|Unclassified|Kinase|Cell cycle|Cytoskeleton,2,6,1,chr4,2
Unclassified|Kinase|RNA processing|Structural,2,4,1,chr9,2
Chromatin|RNA processing|Cell cycle,2,3,1,chr2,2
Chromatin|RNA processing|Chromatin|Unclassified,2,3,1,chr7,2
Cytoskeleton|Unclassified|Nuc acid bind|Cell cycle|Methylation|Cell cycle|Methylation|Cell cycle|Methylation|Cell cycle|Methylation|Cell cycle|Methylation|Cell cycle|Methylation|Cell cycle|Methylation|Cell cycle|Methylation,2,5,1,chr21,2
Unclassified|Chromatin|DNA repair|Unclassified,2,3,1,chr5,2
Cytoskeleton|Unclassified|Nuc acid bind|Cell cycle|Methylation|Cell cycle|Methylation|Cell cycle|Methylation|Cell cycle|Methylation|Cell cycle|Methylation|Cell cycle|Methylation,2,5,1,chr21,2
Proteolysis|Unclassified|Cytoskeleton|Unclassified|Chromatin|Unclassified|Transcription,2,5,1,chr5,2
RNA processing|Transcription|Chromatin|Unclassified,2,4,1,chr7,2
Cytoskeleton|Unclassified|Nuc acid bind|Cell cycle|Methylation|Cell cycle,2,5,1,chr21,2
Unclassified|Nuc acid bind|Cell cycle|Methylation|Cell cycle|Methylation|Cell cycle|Methylation|Cell cycle|Methylation|Cell cycle|Methylation|Cell cycle|Methylation|Transcription,2,5,1,chr21,2
Structural|Transcription|Unclassified,2,3,1,chr8,2
Unclassified|Nuc acid bind|Methylation|Cell cycle|Methylation|Cell cycle|Methylation|Cell cycle|Methylation|Cell cycle|Methylation|Cell cycle|Methylation|Cell cycle|Methylation|Cell cycle|Methylation|Transcription,2,5,1,chr21,2
Proteolysis|Unclassified|DNA repair,2,3,1,chr6,2
Chromatin|RNA processing|Cytoskeleton,2,3,1,chr4,2
Chromatin|RNA processing|Phosphatase,2,3,1,chrx,2
Cytoskeleton|Unclassified|Nuc acid bind,2,3,1,chr21,2
Unclassified|Cell cycle|Methylation|Cell cycle|Methylation|Cell cycle|Methylation|Cell cycle|Methylation|Cell cycle|Methylation|Cell cycle|Methylation|Transcription,2,4,1,chr22,2
Cytoskeleton|Unclassified|Kinase|Cell cycle,2,4,1,chr2,2
Cell adhesion|Chromatin|RNA processing,2,3,1,chr20,2
Transcription|Cell cycle|Chromatin|Structural,2,4,1,chr7,2
Cytoskeleton|Unclassified|Cytoskeleton|Unclassified|Cytoskeleton|Unclassified|Cytoskeleton|Unclassified|Cytoskeleton|Unclassified|Nuc acid bind|Methylation|Cell cycle,2,5,1,chr21,2
Cytoskeleton|Unclassified|Cytoskeleton|Unclassified|Cell cycle,2,3,1,chr2,2
Unclassified|RNA processing|Unclassified|Cytoskeleton,2,3,1,chr20,2
Unclassified|RNA processing|Unclassified|Cytoskeleton|Unclassified,2,3,1,chr3,2
RNA processing|Cell cycle|Unclassified,2,3,1,chr22,2
Unclassified|Cell cycle|Unclassified|Chromatin|Cytoskeleton|Chromatin|Cytoskeleton|DNA repair,2,5,1,chrx,2
Unclassified|Cytoskeleton|Unclassified|Kinase,2,3,1,chr9,2
Unclassified|Structural|DNA repair,2,3,1,chr3,2
Chromatin|Unclassified|Cell cycle|RNA processing,2,4,1,chr7,2
Unclassified|Cytoskeleton|Unclassified|Cytoskeleton|Unclassified|Cytoskeleton|Unclassified|Cytoskeleton|Unclassified|Nuc acid bind|Methylation|Cell cycle|Methylation|Cell cycle|Methylation|Cell cycle|Methylation|Cell cycle|Methylation|Cell cycle|Methylation|Cell cycle|Methylation|Cell cycle|Methylation,2,5,1,chr21,2
Unclassified|Kinase|Cell cycle|Cell adhesion,2,4,1,chr3,2
Unclassified|Cytoskeleton|RNA processing|Unclassified|RNA processing|Cytoskeleton|Unclassified,2,3,1,chr6,2
Transcription|Unclassified|Chromatin|Cytoskeleton|RNA processing,2,5,1,chr19,2
RNA processing|Unclassified|Kinase|Chromatin|Cytoskeleton,2,5,1,chrx,2
Unclassified|Structural|Unclassified|RNA processing|Unclassified|Cell adhesion,2,4,1,chr2,2
Chromatin|Structural|Transcription|Chromatin|Unclassified|Transcription,2,4,1,chr9,2
RNA processing|Unclassified|Cytoskeleton|DNA repair|Unclassified,2,4,1,chr4,2
Unclassified|Cell adhesion|Unclassified|Cell cycle|Methylation|Cell cycle|Methylation|Cell cycle|Methylation,2,4,1,chr22,2
Structural|Cell cycle|Chromatin|Ion channel,2,4,1,chr3,2
Unclassified|Cell adhesion|Unclassified|Cell cycle|Methylation|Cell cycle|Methylation,2,4,1,chr22,2
Chromatin|Structural|Cell cycle|RNA processing|Cell cycle,2,4,1,chr9,2
Unclassified|Cell adhesion|Unclassified|Cell cycle|Methylation,2,4,1,chr22,2
Cell adhesion|Unclassified|Cell cycle,1,3,4,"chr1,chr11,chr12,chr3",6
Unclassified|Transcription|Chromatin,1,3,3,"chr11,chr12,chr14",6
Unclassified|Kinase|Cell cycle|Unclassified|Cytoskeleton,1,4,3,"chr10,chr17,chr2",3
Cytoskeleton|Unclassified|Cytoskeleton|DNA repair,1,3,3,"chr1,chr17,chr19",3
Proteolysis|Unclassified|Cytoskeleton|DNA repair,1,4,3,"chr10,chr13,chr4",6
Unclassified|Cytoskeleton|Structural,1,3,3,"chr10,chr14,chr16",4
DNA repair|Unclassified|Kinase|Cell cycle,1,4,2,"chr1,chr19",2
Unclassified|Cell cycle|Cytoskeleton|DNA repair,1,4,2,"chr1,chr6",3
Unclassified|Kinase|Cell cycle|RNA processing|Cell cycle,1,4,2,"chr16,chr22",2
Proteolysis|Unclassified|Kinase|Cytoskeleton,1,4,2,"chr10,chr12",3
Unclassified|Cell cycle|Cytoskeleton|Protein folding,1,4,2,"chr18,chr21",2
Transcription|Chromatin|Cell cycle,1,3,2,"chr17,chr6",2
Proteolysis|Unclassified|Chromatin|Cytoskeleton,1,4,2,"chr10,chr11",3
Transcription|Chromatin|Cell adhesion|Unclassified,1,4,2,"chr11,chr20",2
Unclassified|Cell cycle|DNA repair,1,3,2,"chr15,chrx",3
Unclassified|Kinase|Chromatin|Cytoskeleton,1,4,2,"chr17,chr20",2
Chromatin|Cell cycle|Chromatin|RNA processing,1,3,2,"chr15,chr5",2
Cytoskeleton|Unclassified|Kinase,1,3,2,"chr16,chr5",2
Cytoskeleton|Cell cycle|Chromatin,1,3,2,"chr12,chrx",2
Cytoskeleton|Unclassified|DNA repair,1,3,2,"chr1,chr14",3
Unclassified|Kinase|Cytoskeleton|Unclassified,1,3,2,"chr10,chr7",5
Chromatin|Transcription|Chromatin|Cell adhesion,1,3,2,"chr17,chr5",3
RNA processing|Unclassified|Chromatin,1,3,2,"chr1,chr17",3
Cell cycle|Chromatin|Ubiquitin,1,3,2,"chr17,chr2",2
Chromatin|Cytoskeleton|Unclassified,1,3,2,"chr10,chr9",2
Cell cycle|Chromatin|Transcription,1,3,2,"chr14,chr19",4
Structural|Unclassified|Cell cycle,1,3,2,"chr17,chr5",2
Cytoskeleton|Unclassified|Cell cycle|Cytoskeleton,1,3,2,"chr12,chr16",5
Structural|Unclassified|Kinase|Cell cycle,1,4,2,"chr11,chr2",2
Transcription|Chromatin|Transcription|Chromatin|RNA processing,1,3,2,"chr17,chr4",3
Unclassified|RNA processing|Cytoskeleton|Protein folding,1,4,2,"chr18,chr7",2
Cytoskeleton|Chromatin|RNA processing|Chromatin,1,3,2,"chr16,chr2",2
Unclassified|Kinase|RNA processing|Unclassified,1,3,2,"chr1,chr4",2
Chromatin|Unclassified|Cytoskeleton|Unclassified,1,3,2,"chr11,chr2",5
Chromatin|Transcription|Chromatin|Cell adhesion|RNA processing,1,4,2,"chr10,chr17",2
Chromatin|Unclassified|DNA repair,1,3,2,"chr12,chr9",2
Unclassified|Cell cycle|RNA processing,1,3,2,"chr16,chr20",2
Unclassified|Structural|Cytoskeleton,1,3,2,"chr17,chr7",3
Unclassified|Cytoskeleton|Chromatin|Cytoskeleton,1,3,2,"chr1,chr10",2
Unclassified|Cytoskeleton|Chromatin,1,3,2,"chr1,chr16",3
Unclassified|Kinase|Cell cycle|Proteolysis|Cytoskeleton,1,5,2,"chr1,chr20",2
Unclassified|Cell adhesion|Unclassified|Cell adhesion|Unclassified|Cell adhesion|Unclassified|Cell adhesion|Unclassified|Cell adhesion|Unclassified|Cell adhesion|Unclassified|Cell cycle|Methylation|Cell cycle|Methylation,1,4,1,chr14,2
Unclassified|Cell adhesion|Unclassified|Cell adhesion|Unclassified|Cell adhesion|Unclassified|Cell adhesion|Unclassified|Cell adhesion|Unclassified|Cell adhesion|Unclassified|Cell cycle|Methylation|Cell cycle|Methylation|Cell cycle,1,4,1,chr14,6
Unclassified|Cell adhesion|Unclassified|Cell adhesion|Unclassified|Cell adhesion|Unclassified|Cell adhesion|Unclassified|Cell adhesion|Unclassified|Cell adhesion|Unclassified|Cell cycle|Methylation|Cell cycle|Methylation|Cell cycle|Methylation,1,4,1,chr14,2
Unclassified|Cell adhesion|Unclassified|Cell adhesion|Unclassified|Cell adhesion|Unclassified|Cell adhesion|Unclassified|Cell adhesion|Unclassified|Cell adhesion|Unclassified|Cell cycle|Methylation|Cell cycle|Methylation|Cell cycle|Methylation|Cell cycle,1,4,1,chr14,2
Unclassified|Cell adhesion|Unclassified|Cell adhesion|Unclassified|Cell adhesion|Unclassified|Cell adhesion|Unclassified|Cell adhesion|Unclassified|Cell adhesion|Unclassified|Cell cycle|Methylation|Cell cycle|Methylation|Cell cycle|Methylation|Cell cycle|Methylation,1,4,1,chr14,6
Unclassified|Cell adhesion|Unclassified|Cell adhesion|Unclassified|Cell adhesion|Unclassified|Cell adhesion|Unclassified|Cell adhesion|Unclassified|Cell adhesion|Unclassified|Cell cycle|Methylation|Cell cycle|Methylation|Cell cycle|Methylation|Cell cycle|Methylation|Cell cycle,1,4,1,chr14,2
Unclassified|Cell adhesion|Unclassified|Cell adhesion|Unclassified|Cell adhesion|Unclassified|Cell adhesion|Unclassified|Cell adhesion|Unclassified|Cell adhesion|Unclassified|Cell cycle|Methylation|Cell cycle|Methylation|Cell cycle|Methylation|Cell cycle|Methylation|Cell cycle|Methylation,1,4,1,chr14,6
Unclassified|Cell adhesion|Unclassified|Cell adhesion|Unclassified|Cell adhesion|Unclassified|Cell adhesion|Unclassified|Cell adhesion|Unclassified|Cell adhesion|Unclassified|Cell cycle|Methylation|Cell cycle|Methylation|Cell cycle|Methylation|Cell cycle|Methylation|Cell cycle|Methylation|Cell cycle,1,4,1,chr14,2
Unclassified|Cell adhesion|Unclassified|Cell adhesion|Unclassified|Cell adhesion|Unclassified|Cell adhesion|Unclassified|Cell adhesion|Unclassified|Cell adhesion|Unclassified|Cell cycle|Methylation|Cell cycle|Methylation|Cell cycle|Methylation|Cell cycle|Methylation|Cell cycle|Methylation|Cell cycle|Methylation,1,4,1,chr14,6
Unclassified|Cell adhesion|Unclassified|Cell adhesion|Unclassified|Cell adhesion|Unclassified|Cell adhesion|Unclassified|Cell adhesion|Unclassified|Cell adhesion|Unclassified|Cell cycle|Methylation|Cell cycle|Methylation|Cell cycle|Methylation|Cell cycle|Methylation|Cell cycle|Methylation|Cell cycle|Methylation|Cell cycle|Methylation|Cell cycle|Methylation,1,4,1,chr14,46
Unclassified|Cell adhesion|Unclassified|Cell adhesion|Unclassified|Cell adhesion|Unclassified|Cell adhesion|Unclassified|Cell adhesion|Unclassified|Cell adhesion|Unclassified|Cell cycle|Methylation|Cell cycle|Methylation|Cell cycle|Methylation|Cell cycle|Methylation|Cell cycle|Methylation|Cell cycle|Methylation|Cell cycle|Methylation|Cell cycle|Methylation|Transcription,1,5,1,chr14,28
Unclassified|Cell adhesion|Unclassified|Cell adhesion|Unclassified|Cell adhesion|Unclassified|Cell adhesion|Unclassified|Cell adhesion|Unclassified|Cell adhesion|Unclassified|Cell cycle|Methylation|Cell cycle|Methylation|Cell cycle|Methylation|Cell cycle|Methylation|Cell cycle|Methylation|Cell cycle|Methylation|Cell cycle|Methylation|Transcription,1,5,1,chr14,1
Unclassified|Cell adhesion|Unclassified|Cell adhesion|Unclassified|Cell adhesion|Unclassified|Cell adhesion|Unclassified|Cell adhesion|Unclassified|Cell adhesion|Unclassified|Cell cycle|Methylation|Transcription,1,5,1,chr14,29
Unclassified|Cell adhesion|Unclassified|Cell adhesion|Unclassified|Cell adhesion|Unclassified|Cell adhesion|Unclassified|Cell adhesion|Unclassified|Cell cycle|Methylation|Cell cycle|Methylation|Cell cycle|Methylation|Cell cycle|Methylation|Cell cycle|Methylation|Cell cycle|Methylation|Cell cycle|Methylation|Transcription,1,5,1,chr14,1
Unclassified|Cell adhesion|Unclassified|Cell adhesion|Unclassified|Cell adhesion|Unclassified|Cell adhesion|Unclassified|Cell adhesion|Unclassified|Cell cycle|Methylation|Transcription,1,5,1,chr14,1
Unclassified|Cell adhesion|Unclassified|Cell adhesion|Unclassified|Cell adhesion|Unclassified|Cell adhesion|Unclassified|Cell cycle|Methylation|Cell cycle|Methylation|Cell cycle|Methylation|Cell cycle|Methylation|Cell cycle|Methylation|Cell cycle|Methylation|Cell cycle|Methylation|Transcription,1,5,1,chr14,1
Unclassified|Cell adhesion|Unclassified|Cell adhesion|Unclassified|Cell adhesion|Unclassified|Cell adhesion|Unclassified|Cell cycle|Methylation|Transcription,1,5,1,chr14,1
Unclassified|Cell adhesion|Unclassified|Cell adhesion|Unclassified|Cell adhesion|Unclassified|Cell cycle|Methylation|Cell cycle|Methylation|Cell cycle|Methylation|Cell cycle|Methylation|Cell cycle|Methylation|Cell cycle|Methylation|Cell cycle|Methylation|Transcription,1,5,1,chr14,1
Unclassified|Cell adhesion|Unclassified|Cell adhesion|Unclassified|Cell adhesion|Unclassified|Cell cycle|Methylation|Transcription,1,5,1,chr14,1
Unclassified|Cell adhesion|Unclassified|Cell adhesion|Unclassified|Cell cycle|Methylation|Cell cycle|Methylation|Cell cycle|Methylation|Cell cycle|Methylation|Cell cycle|Methylation|Cell cycle|Methylation|Cell cycle|Methylation|Cell cycle|Methylation|Cell cycle|Methylation|Cell cycle|Methylation|Transcription,1,5,1,chr14,2
Unclassified|Cell adhesion|Unclassified|Cell adhesion|Unclassified|Cell cycle|Methylation|Cell cycle|Methylation|Cell cycle|Methylation|Cell cycle|Methylation|Cell cycle|Methylation|Cell cycle|Methylation|Cell cycle|Methylation|Cell cycle|Methylation|Transcription,1,5,1,chr14,4
Unclassified|Cell adhesion|Unclassified|Cell adhesion|Unclassified|Cell cycle|Methylation|Cell cycle|Methylation|Cell cycle|Methylation|Cell cycle|Methylation|Cell cycle|Methylation|Cell cycle|Methylation|Cell cycle|Methylation|Cell cycle|Methylation|Transcription|Chromatin|Transcription|Chromatin|Transcription|Chromatin,1,6,1,chr14,2
Unclassified|Cell adhesion|Unclassified|Cell adhesion|Unclassified|Cell cycle|Methylation|Cell cycle|Methylation|Cell cycle|Methylation|Cell cycle|Methylation|Cell cycle|Methylation|Cell cycle|Methylation|Cell cycle|Methylation|Transcription,1,5,1,chr14,2
Unclassified|Cell adhesion|Unclassified|Cell adhesion|Unclassified|Cell cycle|Methylation|Transcription,1,5,1,chr14,6
Unclassified|Cell adhesion|Unclassified|Cell cycle|Methylation|Cell cycle|Methylation|Cell cycle|Methylation|Cell cycle|Methylation|Cell cycle|Methylation|Cell cycle|Methylation|Cell cycle|Methylation|Cell cycle|Methylation|Cell cycle|Methylation|Cell cycle|Methylation|Transcription,1,5,1,chr14,2
Unclassified|Cell adhesion|Unclassified|Cell cycle|Methylation|Cell cycle|Methylation|Cell cycle|Methylation|Cell cycle|Methylation|Cell cycle|Methylation|Cell cycle|Methylation|Cell cycle|Methylation|Cell cycle|Methylation|Transcription,1,5,1,chr14,4
Unclassified|Cell adhesion|Unclassified|Cell cycle|Methylation|Cell cycle|Methylation|Cell cycle|Methylation|Cell cycle|Methylation|Cell cycle|Methylation|Cell cycle|Methylation|Cell cycle|Methylation|Cell cycle|Methylation|Transcription|Chromatin|Transcription|Chromatin|Transcription|Chromatin,1,6,1,chr14,2
Unclassified|Cell adhesion|Unclassified|Cell cycle|Methylation|Cell cycle|Methylation|Cell cycle|Methylation|Cell cycle|Methylation|Cell cycle|Methylation|Cell cycle|Methylation|Cell cycle|Methylation|Transcription,1,5,1,chr14,2
Unclassified|Cell adhesion|Unclassified|Cell cycle|Methylation|Cell cycle|Methylation|Cell cycle|Methylation|Cell cycle|Methylation|Cell cycle|Methylation|Cell cycle|Methylation|Transcription|Chromatin,1,6,1,chr22,1
Unclassified|Cell adhesion|Unclassified|Cell cycle|Methylation|Transcription,1,5,1,chr14,6
Unclassified|Cell adhesion|Unclassified|Chromatin|Unclassified|Chromatin|Unclassified|Chromatin|Unclassified|Cell cycle,1,4,1,chr22,1
Unclassified|Cell adhesion|Unclassified|Chromatin|Unclassified|Chromatin|Unclassified|Chromatin|Unclassified|Cell cycle|Methylation,1,5,1,chr22,1
Unclassified|Cell adhesion|Unclassified|Chromatin|Unclassified|Chromatin|Unclassified|Chromatin|Unclassified|Cell cycle|Methylation|Cell cycle,1,5,1,chr22,1
Unclassified|Cell cycle|Cell adhesion|Cytoskeleton|DNA repair,1,5,1,chr5,1
Unclassified|Cell cycle|Chromatin|DNA repair,1,4,1,chr1,1
Unclassified|Cell cycle|Chromatin|RNA processing,1,4,1,chr4,1
Unclassified|Cell cycle|Chromatin|Unclassified|Chromatin|Cell cycle,1,3,1,chr6,1
Unclassified|Cell cycle|Chromatin|Unclassified|Transcription,1,4,1,chr10,3
Unclassified|Cell cycle|Cytoskeleton|Transcription,1,4,1,chr18,1
Unclassified|Cell cycle|DNA repair|RNA processing|Unclassified|Cell cycle,1,4,1,chr11,1
Unclassified|Cell cycle|Ion channel,1,3,1,chr16,1
Unclassified|Cell cycle|Methylation,1,3,1,chr14,12
Unclassified|Cell cycle|Methylation|Cell cycle|Methylation|Cell cycle,1,3,1,chr22,1
Unclassified|Cell cycle|Methylation|Cell cycle|Methylation|Cell cycle|Methylation,1,3,1,chr22,1
Unclassified|Cell cycle|Methylation|Cell cycle|Methylation|Cell cycle|Methylation|Cell cycle|Methylation|Cell cycle|Methylation|Cell cycle|Methylation|Cell cycle|Methylation|Cell cycle|Methylation|Cell cycle|Methylation|Cell cycle|Methylation|Transcription,1,4,1,chr14,76
Unclassified|Cell cycle|Methylation|Cell cycle|Methylation|Cell cycle|Methylation|Cell cycle|Methylation|Cell cycle|Methylation|Cell cycle|Methylation|Cell cycle|Methylation|Cell cycle|Methylation|Transcription,1,4,1,chr14,195
Unclassified|Cell cycle|Methylation|Cell cycle|Methylation|Cell cycle|Methylation|Cell cycle|Methylation|Cell cycle|Methylation|Cell cycle|Methylation|Cell cycle|Methylation|Cell cycle|Methylation|Transcription|Chromatin|Transcription|Chromatin|Transcription|Chromatin,1,5,1,chr14,65
Unclassified|Cell cycle|Methylation|Cell cycle|Methylation|Cell cycle|Methylation|Cell cycle|Methylation|Cell cycle|Methylation|Cell cycle|Methylation|Cell cycle|Methylation|Transcription,1,4,1,chr14,65
Unclassified|Cell cycle|Proteolysis,1,3,1,chr17,1
Unclassified|Cell cycle|Proteolysis|Protein folding|Cytoskeleton|Unclassified,1,5,1,chrx,1
Unclassified|Cell cycle|Structural|RNA processing|Unclassified,1,4,1,chr8,1
Unclassified|Cell cycle|Structural|Unclassified,1,3,1,chr1,1
Unclassified|Cell cycle|Unclassified|Cytoskeleton|Unclassified,1,3,1,chr17,1
Unclassified|Cell cycle|Unclassified|Protein folding,1,3,1,chr3,1
Unclassified|Chromatin|Cell adhesion|Chromatin|Cell adhesion|Unclassified,1,3,1,chr14,14
Unclassified|Chromatin|Cell adhesion|Chromatin|Unclassified|Chromatin|Cell adhesion|Chromatin|Unclassified|Chromatin|Unclassified|Chromatin|Unclassified|Chromatin|Unclassified,1,3,1,chr14,8
Unclassified|Chromatin|Cell adhesion|Chromatin|Unclassified|Chromatin|Cell adhesion|Chromatin|Unclassified|Chromatin|Unclassified|Chromatin|Unclassified|Chromatin|Unclassified|Cell cycle,1,4,1,chr14,4
Unclassified|Chromatin|Cell adhesion|Chromatin|Unclassified|Chromatin|Cell adhesion|Chromatin|Unclassified|Chromatin|Unclassified|Chromatin|Unclassified|Chromatin|Unclassified|Cell cycle|Methylation|Cell cycle|Methylation|Cell cycle,1,5,1,chr14,1
Unclassified|Chromatin|Cell adhesion|Chromatin|Unclassified|Chromatin|Cell adhesion|Chromatin|Unclassified|Chromatin|Unclassified|Chromatin|Unclassified|Chromatin|Unclassified|Cell cycle|Methylation|Cell cycle|Methylation|Cell cycle|Methylation,1,5,1,chr14,1
Unclassified|Chromatin|Cell adhesion|Chromatin|Unclassified|Chromatin|Cell adhesion|Chromatin|Unclassified|Chromatin|Unclassified|Chromatin|Unclassified|Chromatin|Unclassified|Cell cycle|Methylation|Cell cycle|Methylation|Cell cycle|Methylation|Cell cycle|Methylation|Cell cycle|Methylation|Cell cycle|Methylation|Cell cycle|Methylation|Cell cycle|Methylation|Cell cycle|Methylation|Cell cycle,1,5,1,chr14,1
Unclassified|Chromatin|Cell adhesion|Chromatin|Unclassified|Chromatin|Cell adhesion|Chromatin|Unclassified|Chromatin|Unclassified|Chromatin|Unclassified|Chromatin|Unclassified|Cell cycle|Methylation|Cell cycle|Methylation|Cell cycle|Methylation|Cell cycle|Methylation|Cell cycle|Methylation|Cell cycle|Methylation|Cell cycle|Methylation|Cell cycle|Methylation|Cell cycle|Methylation|Cell cycle|Methylation,1,5,1,chr14,26
Unclassified|Chromatin|Cell adhesion|Chromatin|Unclassified|Chromatin|Cell adhesion|Chromatin|Unclassified|Chromatin|Unclassified|Chromatin|Unclassified|Chromatin|Unclassified|Cell cycle|Methylation|Cell cycle|Methylation|Cell cycle|Methylation|Cell cycle|Methylation|Cell cycle|Methylation|Cell cycle|Methylation|Cell cycle|Methylation|Cell cycle|Methylation|Cell cycle|Methylation|Cell cycle|Methylation|Transcription,1,6,1,chr14,14
Unclassified|Chromatin|Cell adhesion|DNA repair,1,4,1,chr9,1
Unclassified|Chromatin|Cell adhesion|Unclassified,1,3,1,chr19,1
Unclassified|Chromatin|Cytoskeleton|Chromatin|Cytoskeleton|Chromatin|Cytoskeleton,1,3,1,chr11,1
Unclassified|Chromatin|Cytoskeleton|DNA repair|Cytoskeleton,1,4,1,chr16,4
Unclassified|Chromatin|Cytoskeleton|Kinase,1,4,1,chr11,1
Unclassified|Chromatin|Cytoskeleton|Transcription|Chromatin|Phosphatase|Cell adhesion,1,6,1,chr11,1
Unclassified|Chromatin|Cytoskeleton|Unclassified,1,3,1,chr15,1
Unclassified|Chromatin|Methylation,1,3,1,chr11,2
Unclassified|Chromatin|Structural,1,3,1,chr3,1
Unclassified|Chromatin|Transcription,1,3,1,chr19,1
Unclassified|Chromatin|Ubiquitin|Cell adhesion,1,4,1,chr5,1
Unclassified|Chromatin|Ubiquitin|Unclassified,1,3,1,chr5,1
Unclassified|Chromatin|Unclassified|Cell adhesion|Chromatin|Unclassified|Cell adhesion|Unclassified|Chromatin|Unclassified|Chromatin|Unclassified|Chromatin|Unclassified|Chromatin|Unclassified|Chromatin|Unclassified|Chromatin|Unclassified,1,3,1,chr14,8
Unclassified|Chromatin|Unclassified|Cell adhesion|Chromatin|Unclassified|Cell adhesion|Unclassified|Chromatin|Unclassified|Chromatin|Unclassified|Chromatin|Unclassified|Chromatin|Unclassified|Chromatin|Unclassified|Chromatin|Unclassified|Methylation|Cell cycle,1,5,1,chr14,8
Unclassified|Chromatin|Unclassified|Cell adhesion|Chromatin|Unclassified|Cell adhesion|Unclassified|Chromatin|Unclassified|Chromatin|Unclassified|Chromatin|Unclassified|Chromatin|Unclassified|Chromatin|Unclassified|Chromatin|Unclassified|Methylation|Cell cycle|Methylation|Cell cycle,1,5,1,chr14,4
Unclassified|Chromatin|Unclassified|Cell adhesion|Chromatin|Unclassified|Cell adhesion|Unclassified|Chromatin|Unclassified|Chromatin|Unclassified|Chromatin|Unclassified|Chromatin|Unclassified|Chromatin|Unclassified|Chromatin|Unclassified|Methylation|Cell cycle|Methylation|Cell cycle|Methylation,1,5,1,chr14,4
Unclassified|Chromatin|Unclassified|Cell adhesion|Chromatin|Unclassified|Cell adhesion|Unclassified|Chromatin|Unclassified|Chromatin|Unclassified|Chromatin|Unclassified|Chromatin|Unclassified|Chromatin|Unclassified|Chromatin|Unclassified|Methylation|Cell cycle|Methylation|Cell cycle|Methylation|Cell cycle,1,5,1,chr14,8
Unclassified|Chromatin|Unclassified|Cell adhesion|Chromatin|Unclassified|Cell adhesion|Unclassified|Chromatin|Unclassified|Chromatin|Unclassified|Chromatin|Unclassified|Chromatin|Unclassified|Chromatin|Unclassified|Chromatin|Unclassified|Methylation|Cell cycle|Methylation|Cell cycle|Methylation|Cell cycle|Methylation|Cell cycle,1,5,1,chr14,8
Unclassified|Chromatin|Unclassified|Cell adhesion|Chromatin|Unclassified|Cell adhesion|Unclassified|Chromatin|Unclassified|Chromatin|Unclassified|Chromatin|Unclassified|Chromatin|Unclassified|Chromatin|Unclassified|Chromatin|Unclassified|Methylation|Cell cycle|Methylation|Cell cycle|Methylation|Cell cycle|Methylation|Cell cycle|Methylation,1,5,1,chr14,4
Unclassified|Chromatin|Unclassified|Cell adhesion|Chromatin|Unclassified|Cell adhesion|Unclassified|Chromatin|Unclassified|Chromatin|Unclassified|Chromatin|Unclassified|Chromatin|Unclassified|Chromatin|Unclassified|Chromatin|Unclassified|Methylation|Cell cycle|Methylation|Cell cycle|Methylation|Cell cycle|Methylation|Cell cycle|Methylation|Cell cycle,1,5,1,chr14,4
Unclassified|Chromatin|Unclassified|Cell adhesion|Chromatin|Unclassified|Cell adhesion|Unclassified|Chromatin|Unclassified|Chromatin|Unclassified|Chromatin|Unclassified|Chromatin|Unclassified|Chromatin|Unclassified|Chromatin|Unclassified|Methylation|Cell cycle|Methylation|Cell cycle|Methylation|Cell cycle|Methylation|Cell cycle|Methylation|Cell cycle|Methylation|Cell cycle|Methylation|Cell cycle,1,5,1,chr14,4
Unclassified|Chromatin|Unclassified|Cell adhesion|Chromatin|Unclassified|Cell adhesion|Unclassified|Chromatin|Unclassified|Chromatin|Unclassified|Chromatin|Unclassified|Chromatin|Unclassified|Chromatin|Unclassified|Chromatin|Unclassified|Methylation|Cell cycle|Methylation|Cell cycle|Methylation|Cell cycle|Methylation|Cell cycle|Methylation|Cell cycle|Methylation|Cell cycle|Methylation|Cell cycle|Methylation,1,5,1,chr14,4
Unclassified|Chromatin|Unclassified|Cell adhesion|Chromatin|Unclassified|Cell adhesion|Unclassified|Chromatin|Unclassified|Chromatin|Unclassified|Chromatin|Unclassified|Chromatin|Unclassified|Chromatin|Unclassified|Chromatin|Unclassified|Methylation|Cell cycle|Methylation|Cell cycle|Methylation|Cell cycle|Methylation|Cell cycle|Methylation|Cell cycle|Methylation|Cell cycle|Methylation|Cell cycle|Methylation|Cell cycle|Methylation|Cell cycle|Methylation|Cell cycle|Methylation|Cell cycle|Methylation|Cell cycle|Methylation|Cell cycle|Methylation|Cell cycle,1,5,1,chr14,4
Unclassified|Chromatin|Unclassified|Cell adhesion|Chromatin|Unclassified|Cell adhesion|Unclassified|Chromatin|Unclassified|Chromatin|Unclassified|Chromatin|Unclassified|Chromatin|Unclassified|Chromatin|Unclassified|Chromatin|Unclassified|Methylation|Cell cycle|Methylation|Cell cycle|Methylation|Cell cycle|Methylation|Cell cycle|Methylation|Cell cycle|Methylation|Cell cycle|Methylation|Cell cycle|Methylation|Cell cycle|Methylation|Cell cycle|Methylation|Cell cycle|Methylation|Cell cycle|Methylation|Cell cycle|Methylation|Cell cycle|Methylation|Cell cycle|Methylation,1,5,1,chr14,76
Unclassified|Chromatin|Unclassified|Cell adhesion|Chromatin|Unclassified|Cell adhesion|Unclassified|Chromatin|Unclassified|Chromatin|Unclassified|Chromatin|Unclassified|Chromatin|Unclassified|Chromatin|Unclassified|Chromatin|Unclassified|Methylation|Cell cycle|Methylation|Cell cycle|Methylation|Cell cycle|Methylation|Cell cycle|Methylation|Cell cycle|Methylation|Cell cycle|Methylation|Cell cycle|Methylation|Cell cycle|Methylation|Cell cycle|Methylation|Cell cycle|Methylation|Cell cycle|Methylation|Cell cycle|Methylation|Cell cycle|Methylation|Cell cycle|Methylation|Transcription,1,6,1,chr14,56
Unclassified|Chromatin|Unclassified|Cell cycle|Methylation|Transcription,1,5,1,chr21,1
Unclassified|Chromatin|Unclassified|Structural,1,3,1,chr20,1
Unclassified|Cytoskeleton|DNA repair|Nuc acid bind,1,4,1,chr17,4
Unclassified|Cytoskeleton|DNA repair|Phosphatase|Unclassified,1,4,1,chr11,1
Unclassified|Cytoskeleton|DNA repair|Proteolysis,1,4,1,chr11,1
Unclassified|Cytoskeleton|DNA repair|Unclassified|Cytoskeleton,1,3,1,chr1,1
Unclassified|Cytoskeleton|DNA repair|Unclassified|Kinase|Protein folding|Cytoskeleton|Unclassified|Protein folding|Unclassified,1,5,1,chr3,1
Unclassified|Cytoskeleton|RNA processing|Cell cycle,1,4,1,chr3,1
Unclassified|Cytoskeleton|RNA processing|Cytoskeleton|Unclassified,1,3,1,chr5,1
Unclassified|Cytoskeleton|Transcription,1,3,1,chr14,1
Unclassified|Cytoskeleton|Transcription|Cytoskeleton,1,3,1,chr11,1
Unclassified|Cytoskeleton|Ubiquitin,1,3,1,chr1,2
Unclassified|Cytoskeleton|Unclassified|Kinase|Cell cycle,1,4,1,chr19,1
Unclassified|Cytoskeleton|Unclassified|Kinase|Cytoskeleton|Unclassified,1,3,1,chr16,1
Unclassified|Cytoskeleton|Unclassified|RNA processing,1,3,1,chr10,1
Unclassified|DNA repair|Cell cycle,1,3,1,chr12,1
Unclassified|DNA repair|Transcription,1,3,1,chrx,1
Unclassified|DNA repair|Unclassified|Cytoskeleton|DNA repair,1,3,1,chr17,2
Unclassified|Ion channel|Transcription|Chromatin,1,4,1,chr5,1
Unclassified|Kinase|Cell cycle|Chromatin,1,4,1,chr5,1
Unclassified|Kinase|Cell cycle|Chromatin|Cytoskeleton,1,5,1,chr7,1
Unclassified|Kinase|Cell cycle|Cytoskeleton|Cell cycle,1,4,1,chr17,1
Unclassified|Kinase|Cell cycle|Cytoskeleton|Chromatin,1,5,1,chr6,1
Unclassified|Kinase|Cell cycle|Cytoskeleton|Protein folding,1,5,1,chrx,1
Unclassified|Kinase|Cell cycle|Cytoskeleton|Unclassified|Cytoskeleton,1,4,1,chr15,1
Unclassified|Kinase|Cell cycle|Protein folding,1,4,1,chr7,1
Unclassified|Kinase|Cell cycle|RNA processing|Transcription|Cell cycle,1,5,1,chr10,2
Unclassified|Kinase|Cell cycle|Transcription,1,4,1,chrx,1
Unclassified|Kinase|Cell cycle|Ubiquitin,1,4,1,chr19,1
Unclassified|Kinase|Cell cycle|Unclassified|DNA repair,1,4,1,chr9,1
Unclassified|Kinase|Chromatin|Cell cycle,1,4,1,chr1,1
Unclassified|Kinase|Chromatin|Cytoskeleton|Chromatin|Cytoskeleton|DNA repair,1,5,1,chr22,1
Unclassified|Kinase|Chromatin|Cytoskeleton|Chromatin|Cytoskeleton|Transcription|Unclassified,1,5,1,chr10,1
Unclassified|Kinase|Cytoskeleton|Unclassified|Cytoskeleton|Unclassified,1,3,1,chr18,1
Unclassified|Kinase|DNA repair|Chromatin,1,4,1,chr11,1
Unclassified|Kinase|DNA repair|Protein folding,1,4,1,chr10,2
Unclassified|Kinase|Protein folding|Unclassified,1,3,1,chr7,1
Unclassified|Kinase|Proteolysis|Cytoskeleton,1,4,1,chr4,1
Unclassified|Kinase|Proteolysis|Unclassified|Protein folding,1,4,1,chr5,1
Unclassified|Kinase|RNA processing|Cell cycle|Unclassified|Cell cycle,1,4,1,chr10,1
Unclassified|Kinase|RNA processing|Cytoskeleton,1,4,1,chr2,1
Unclassified|Kinase|Structural,1,3,1,chr14,1
Unclassified|Kinase|Structural|Cell cycle,1,4,1,chr5,1
Unclassified|Kinase|Transcription|Unclassified|Kinase|Cell cycle,1,4,1,chr5,1
Unclassified|Kinase|Ubiquitin,1,3,1,chr20,1
Unclassified|Kinase|Unclassified|Cytoskeleton|Unclassified,1,3,1,chr9,1
Unclassified|Methylation|Cell cycle|Methylation|Cell cycle|Methylation|Cell cycle|Methylation|Cell cycle|Methylation|Cell cycle|Methylation|Cell cycle|Methylation|Cell cycle|Methylation|Cell cycle,1,3,1,chr22,1
Unclassified|Methylation|Cell cycle|Methylation|Cell cycle|Methylation|Cell cycle|Methylation|Cell cycle|Methylation|Cell cycle|Methylation|Cell cycle|Methylation|Cell cycle|Methylation|Cell cycle|Methylation,1,3,1,chr22,1
Unclassified|Methylation|Cell cycle|Methylation|Cell cycle|Methylation|Cell cycle|Methylation|Cell cycle|Methylation|Cell cycle|Methylation|Cell cycle|Methylation|Cell cycle|Methylation|Cell cycle|Methylation|Cell cycle,1,3,1,chr22,1
Unclassified|Methylation|Cell cycle|Methylation|Cell cycle|Methylation|Cell cycle|Methylation|Cell cycle|Methylation|Cell cycle|Methylation|Cell cycle|Methylation|Cell cycle|Methylation|Cell cycle|Methylation|Cell cycle|Methylation|Cell cycle|Methylation|Cell cycle|Methylation|Cell cycle|Methylation|Cell cycle|Methylation|Cell cycle|Methylation|Transcription,1,4,1,chr14,136
Unclassified|Protein folding|Chromatin,1,3,1,chr17,1
Unclassified|Protein folding|DNA repair|Unclassified,1,3,1,chry,1
Unclassified|Proteolysis|Cell cycle,1,3,1,chr1,1
Unclassified|Proteolysis|Unclassified|Cytoskeleton,1,3,1,chr2,1
Unclassified|Proteolysis|Unclassified|Cytoskeleton|Unclassified,1,3,1,chr5,1
Unclassified|Proteolysis|Unclassified|Cytoskeleton|Unclassified|Cell cycle|Cytoskeleton,1,4,1,chr17,2
Unclassified|Proteolysis|Unclassified|Kinase|Cytoskeleton,1,4,1,chrx,1
Unclassified|RNA processing|Cell adhesion,1,3,1,chr16,2
Unclassified|RNA processing|Cell cycle|Proteolysis|Protein folding,1,5,1,chr12,7
Unclassified|RNA processing|Cell cycle|Proteolysis|Unclassified|Cell cycle,1,4,1,chr17,1
Unclassified|RNA processing|Chromatin|Nuc acid bind,1,4,1,chr9,1
Unclassified|RNA processing|Phosphatase,1,3,1,chr4,1
Unclassified|RNA processing|Unclassified|Cytoskeleton|Unclassified|Cell cycle,1,4,1,chr5,1
Unclassified|RNA processing|Unclassified|RNA processing|Unclassified|RNA processing|Unclassified|Cytoskeleton|DNA repair,1,4,1,chr10,1
Unclassified|Structural|Cell cycle|Unclassified|RNA processing|Cell cycle,1,4,1,chr1,1
Unclassified|Structural|RNA processing,1,3,1,chr2,1
Unclassified|Transcription|Chromatin|RNA processing,1,4,1,chr12,1
Unclassified|Transcription|Chromatin|Unclassified,1,3,1,chr7,1
Cell adhesion|Cell cycle|Chromatin,1,3,1,chr1,1
Unclassified|Ubiquitin|Chromatin,1,3,1,chr4,1
Cell adhesion|Cell cycle|Unclassified,1,3,1,chr9,1
Cell adhesion|Chromatin|RNA processing|Unclassified|Cell cycle,1,5,1,chr14,1
Cell adhesion|Chromatin|Unclassified|Chromatin|Cytoskeleton|Chromatin,1,4,1,chr17,1
Cell adhesion|RNA processing|Unclassified|Cytoskeleton,1,4,1,chr1,3
Cell adhesion|Transcription|Unclassified|Cell cycle,1,4,1,chr13,3
Cell adhesion|Ubiquitin|Chromatin|RNA processing,1,4,1,chr1,1
Cell adhesion|Unclassified|Cell adhesion|Unclassified|Cell adhesion|Unclassified|Cell adhesion|Unclassified|Cell adhesion|Unclassified|Cell adhesion|Unclassified|Cell adhesion|Unclassified|Cell cycle|Methylation|Cell cycle|Methylation|Cell cycle|Methylation|Cell cycle|Methylation|Cell cycle|Methylation|Cell cycle|Methylation|Cell cycle|Methylation|Transcription,1,5,1,chr14,1
Cell adhesion|Unclassified|Cell adhesion|Unclassified|Cell adhesion|Unclassified|Cell adhesion|Unclassified|Cell adhesion|Unclassified|Cell adhesion|Unclassified|Cell adhesion|Unclassified|Cell cycle|Methylation|Transcription,1,5,1,chr14,1
Cell adhesion|Unclassified|Cell adhesion|Unclassified|Cell adhesion|Unclassified|Cell cycle|Methylation|Cell cycle|Methylation|Cell cycle|Methylation|Cell cycle|Methylation|Cell cycle|Methylation|Cell cycle|Methylation|Cell cycle|Methylation|Cell cycle|Methylation|Transcription,1,5,1,chr14,4
Cell adhesion|Unclassified|Cell adhesion|Unclassified|Cell cycle|Methylation|Cell cycle|Methylation|Cell cycle|Methylation|Cell cycle|Methylation|Cell cycle|Methylation|Cell cycle|Methylation|Cell cycle|Methylation|Cell cycle|Methylation|Cell cycle|Methylation|Cell cycle|Methylation|Transcription,1,5,1,chr14,2
Cell adhesion|Unclassified|Cell adhesion|Unclassified|Cell cycle|Methylation|Cell cycle|Methylation|Cell cycle|Methylation|Cell cycle|Methylation|Cell cycle|Methylation|Cell cycle|Methylation|Cell cycle|Methylation|Cell cycle|Methylation|Transcription,1,5,1,chr14,8
Cell adhesion|Unclassified|Cell adhesion|Unclassified|Cell cycle|Methylation|Cell cycle|Methylation|Cell cycle|Methylation|Cell cycle|Methylation|Cell cycle|Methylation|Cell cycle|Methylation|Cell cycle|Methylation|Cell cycle|Methylation|Transcription|Chromatin|Transcription|Chromatin|Transcription|Chromatin,1,6,1,chr14,2
Cell adhesion|Unclassified|Cell adhesion|Unclassified|Cell cycle|Methylation|Cell cycle|Methylation|Cell cycle|Methylation|Cell cycle|Methylation|Cell cycle|Methylation|Cell cycle|Methylation|Cell cycle|Methylation|Transcription,1,5,1,chr14,2
Cell adhesion|Unclassified|Cell adhesion|Unclassified|Cell cycle|Methylation|Transcription,1,5,1,chr14,6
Cell adhesion|Unclassified|Cell cycle|Methylation|Cell cycle|Methylation|Cell cycle|Methylation|Cell cycle|Methylation|Cell cycle|Methylation|Cell cycle|Methylation|Cell cycle|Methylation|Cell cycle|Methylation|Cell cycle|Methylation|Cell cycle|Methylation|Transcription,1,5,1,chr14,2
Cell adhesion|Unclassified|Cell cycle|Methylation|Cell cycle|Methylation|Cell cycle|Methylation|Cell cycle|Methylation|Cell cycle|Methylation|Cell cycle|Methylation|Cell cycle|Methylation|Cell cycle|Methylation|Transcription,1,5,1,chr14,4
Cell adhesion|Unclassified|Cell cycle|Methylation|Cell cycle|Methylation|Cell cycle|Methylation|Cell cycle|Methylation|Cell cycle|Methylation|Cell cycle|Methylation|Cell cycle|Methylation|Cell cycle|Methylation|Transcription|Chromatin|Transcription|Chromatin|Transcription|Chromatin,1,6,1,chr14,2
Cell adhesion|Unclassified|Cell cycle|Methylation|Cell cycle|Methylation|Cell cycle|Methylation|Cell cycle|Methylation|Cell cycle|Methylation|Cell cycle|Methylation|Cell cycle|Methylation|Transcription,1,5,1,chr14,2
Cell adhesion|Unclassified|Cell cycle|Methylation|Transcription,1,5,1,chr14,6
Cell adhesion|Unclassified|DNA repair,1,3,1,chr19,1
Cell adhesion|Unclassified|Kinase|Cell cycle|Unclassified,1,4,1,chr15,1
Cell cycle|Cell adhesion|Chromatin|Cell adhesion,1,3,1,chr11,1
Cell cycle|Chromatin|Cell adhesion,1,3,1,chr1,2
Cell cycle|Chromatin|Cytoskeleton|DNA repair,1,4,1,chr18,1
Cell cycle|Chromatin|RNA processing|Nuc acid bind,1,4,1,chr16,2
Cell cycle|Chromatin|RNA processing|Transcription,1,4,1,chr19,1
Cell cycle|Chromatin|Structural|Cell cycle,1,3,1,chr2,1
Cell cycle|Chromatin|Transcription|Chromatin,1,3,1,chr1,3
Cell cycle|Chromatin|Transcription|Chromatin|RNA processing,1,4,1,chr5,1
Cell cycle|Chromatin|Unclassified|DNA repair,1,4,1,chr1,1
Cell cycle|Chromatin|Unclassified|Kinase|Cell cycle,1,4,1,chr11,1
Cell cycle|Chromatin|Unclassified|Ubiquitin,1,4,1,chr17,2
Cell cycle|Cytoskeleton|Unclassified,1,3,1,chr17,1
Cell cycle|GTPase|Structural|Transcription|Chromatin|Transcription|Chromatin|Methylation|Cell cycle,1,6,1,chr1,2
Cell cycle|Methylation|Cell cycle|Methylation|Cell cycle|Methylation|Cell cycle|Methylation|Cell cycle|Methylation|Cell cycle|Methylation|Cell cycle|Methylation|Cell cycle|Methylation|Cell cycle|Methylation|Cell cycle|Methylation|Transcription,1,3,1,chr14,12
Cell cycle|Methylation|Cell cycle|Methylation|Cell cycle|Methylation|Cell cycle|Methylation|Cell cycle|Methylation|Cell cycle|Methylation|Cell cycle|Methylation|Cell cycle|Methylation|Transcription,1,3,1,chr14,18
Cell cycle|Methylation|Cell cycle|Methylation|Cell cycle|Methylation|Cell cycle|Methylation|Cell cycle|Methylation|Cell cycle|Methylation|Cell cycle|Methylation|Cell cycle|Methylation|Transcription|Chromatin|Transcription|Chromatin|Transcription|Chromatin,1,4,1,chr14,6
Cell cycle|Methylation|Cell cycle|Methylation|Cell cycle|Methylation|Cell cycle|Methylation|Cell cycle|Methylation|Cell cycle|Methylation|Cell cycle|Methylation|Transcription,1,3,1,chr14,6
Cell cycle|Nuc acid bind|Chromatin|Unclassified,1,4,1,chr4,1
Cell cycle|RNA processing|Cell cycle|Chromatin,1,3,1,chr4,1
Cell cycle|RNA processing|Cytoskeleton|Unclassified,1,4,1,chr2,1
Cell cycle|RNA processing|Unclassified|Chromatin|Cytoskeleton,1,5,1,chr10,1
Cell cycle|Transcription|Chromatin,1,3,1,chr22,1
Cell cycle|Transcription|Chromatin|RNA processing,1,4,1,chr17,1
Cell cycle|Transcription|Chromatin|RNA processing|Chromatin,1,4,1,chr9,1
Cell cycle|Ubiquitin|Cytoskeleton|Unclassified|Cytoskeleton|Unclassified,1,4,1,chr19,1
Cell cycle|Unclassified|Chromatin|Cytoskeleton|DNA repair,1,5,1,chr2,1
Cell cycle|Unclassified|Cytoskeleton|Cell adhesion,1,4,1,chr16,2
Cell cycle|Unclassified|Cytoskeleton|Chromatin,1,4,1,chrx,1
Cell cycle|Unclassified|Cytoskeleton|Kinase,1,4,1,chr8,1
Cell cycle|Unclassified|Cytoskeleton|Protein folding,1,4,1,chr7,1
Cell cycle|Unclassified|Cytoskeleton|Unclassified,1,3,1,chr1,4
Cell cycle|Unclassified|Kinase,1,3,1,chr7,1
Cell cycle|Unclassified|Kinase|Cell cycle,1,3,1,chr2,1
Cell cycle|Unclassified|Kinase|Cytoskeleton,1,4,1,chr1,1
Cell cycle|Unclassified|Kinase|DNA repair,1,4,1,chr17,1
Cell cycle|Unclassified|RNA processing,1,3,1,chr3,1
Cell cycle|Unclassified|RNA processing|Cell cycle,1,3,1,chr1,1
Chromatin|Cell adhesion|Cell cycle,1,3,1,chr19,1
Chromatin|Cell adhesion|Cytoskeleton,1,3,1,chr11,2
Chromatin|Cell adhesion|RNA processing,1,3,1,chr19,1
Chromatin|Cell adhesion|RNA processing|Chromatin,1,3,1,chr9,1
Chromatin|Cell adhesion|Transcription,1,3,1,chr11,1
Chromatin|Cell adhesion|Unclassified|Cell cycle|Chromatin,1,4,1,chr12,1
Chromatin|Cell cycle|Chromatin|Structural,1,3,1,chr1,1
Chromatin|Cytoskeleton|Cell cycle|Unclassified,1,4,1,chr7,1
Chromatin|Cytoskeleton|DNA repair|Unclassified|Structural|Ubiquitin|Cytoskeleton,1,6,1,chr2,1
Chromatin|Cytoskeleton|Unclassified|Cytoskeleton|DNA repair,1,4,1,chr12,4
Chromatin|RNA processing|Cell adhesion,1,3,1,chr18,1
Chromatin|RNA processing|Transcription,1,3,1,chr6,1
Chromatin|RNA processing|Unclassified,1,3,1,chr12,2
Chromatin|RNA processing|Unclassified|Cytoskeleton|DNA repair,1,5,1,chr17,4
Chromatin|Structural|Cell cycle|Chromatin,1,3,1,chr17,3
Chromatin|Structural|Cell cycle|Chromatin|Unclassified|Transcription,1,5,1,chr20,1
Chromatin|Structural|Cell cycle|RNA processing,1,4,1,chr9,1
Chromatin|Structural|Chromatin|Structural|Unclassified|Cytoskeleton|DNA repair,1,5,1,chr1,1
Chromatin|Structural|Chromatin|Transcription|Chromatin|Transcription,1,3,1,chr16,1
Chromatin|Structural|Cytoskeleton,1,3,1,chr11,1
Chromatin|Structural|Phosphatase,1,3,1,chr11,1
Chromatin|Structural|RNA processing|Cell cycle|Chromatin,1,4,1,chr9,1
Chromatin|Structural|RNA processing|Chromatin,1,3,1,chr1,1
Chromatin|Structural|RNA processing|Structural,1,3,1,chr1,2
Chromatin|Structural|RNA processing|Unclassified|Cell cycle,1,5,1,chr2,1
Chromatin|Structural|RNA processing|Unclassified|Chromatin|Cytoskeleton|DNA repair,1,6,1,chr1,1
Chromatin|Structural|Unclassified|Proteolysis|Unclassified,1,4,1,chr14,1
Chromatin|Transcription|Chromatin|Phosphatase|Unclassified,1,4,1,chr18,1
Chromatin|Transcription|Chromatin|Structural,1,3,1,chr1,1
Chromatin|Transcription|Chromatin|Unclassified|Kinase|Protein folding,1,5,1,chr14,2
Chromatin|Transcription|RNA processing,1,3,1,chr12,1
Chromatin|Transcription|Unclassified,1,3,1,chr4,1
Chromatin|Transcription|Unclassified|Kinase|Cell cycle,1,5,1,chr15,1
Chromatin|Unclassified|Cell cycle|DNA repair,1,4,1,chr8,1
Chromatin|Unclassified|Cell cycle|Methylation|Cell cycle|Methylation|Cell cycle|Methylation|Cell cycle|Methylation|Cell cycle|Methylation|Cell cycle|Methylation|Cell cycle|Methylation|Cell cycle|Methylation|Cell cycle|Methylation|Cell cycle|Methylation|Transcription,1,5,1,chr14,4
Chromatin|Unclassified|Cell cycle|Structural,1,4,1,chr9,1
Chromatin|Unclassified|Cell cycle|Unclassified|Cytoskeleton|Unclassified|Cytoskeleton|Unclassified,1,4,1,chr11,2
Chromatin|Unclassified|Chromatin|Cytoskeleton,1,3,1,chr7,1
Chromatin|Unclassified|Chromatin|Cytoskeleton|DNA repair,1,4,1,chr4,1
Chromatin|Unclassified|Chromatin|Cytoskeleton|Transcription,1,4,1,chr3,1
Chromatin|Unclassified|Chromatin|DNA repair,1,3,1,chr20,1
Chromatin|Unclassified|Chromatin|Transcription,1,3,1,chr3,1
Chromatin|Unclassified|Kinase|Cell cycle,1,4,1,chr19,1
Chromatin|Unclassified|Kinase|Cell cycle|Cytoskeleton,1,5,1,chr11,1
Chromatin|Unclassified|Kinase|Chromatin,1,3,1,chr5,1
Chromatin|Unclassified|Methylation,1,3,1,chr16,1
Chromatin|Unclassified|Protein folding,1,3,1,chr10,1
Chromatin|Unclassified|RNA processing,1,3,1,chr17,1
Chromatin|Unclassified|RNA processing|Cytoskeleton|Unclassified|Cytoskeleton,1,4,1,chr19,1
Chromatin|Unclassified|Transcription|Chromatin,1,3,1,chr1,1
Chromatin|Unclassified|Transcription|RNA processing,1,4,1,chr5,1
Chromatin|Unclassified|Ubiquitin|Cytoskeleton,1,4,1,chr1,1
Cytoskeleton|Cell cycle|Chromatin|Unclassified|Cell cycle|Cytoskeleton,1,4,1,chr12,2
Cytoskeleton|Cell cycle|Unclassified|Kinase|Cell cycle,1,4,1,chr22,1
Cytoskeleton|Chromatin|Cell adhesion|RNA processing,1,4,1,chr12,1
Cytoskeleton|Chromatin|Phosphatase,1,3,1,chr16,2
Cytoskeleton|Chromatin|RNA processing,1,3,1,chr16,2
Cytoskeleton|Chromatin|Structural,1,3,1,chr20,1
Cytoskeleton|Chromatin|Structural|DNA repair,1,4,1,chr1,1
Cytoskeleton|Chromatin|Unclassified,1,3,1,chr16,1
Cytoskeleton|DNA repair|Cell cycle|Chromatin,1,4,1,chr1,3
Cytoskeleton|DNA repair|Chromatin|Cytoskeleton|Chromatin|Cytoskeleton|DNA repair,1,3,1,chr6,1
Cytoskeleton|DNA repair|Unclassified|Cell cycle,1,4,1,chr19,1
Cytoskeleton|DNA repair|Unclassified|DNA repair,1,3,1,chr13,2
Cytoskeleton|DNA repair|Unclassified|Kinase|Cell cycle|Chromatin,1,6,1,chr19,1
Cytoskeleton|DNA repair|Unclassified|RNA processing|Unclassified,1,4,1,chr16,4
Cytoskeleton|Protein folding|Unclassified|Cytoskeleton|DNA repair,1,4,1,chr17,2
Cytoskeleton|Protein folding|Unclassified|RNA processing|Cytoskeleton|Unclassified,1,4,1,chr9,1
Cytoskeleton|Proteolysis|Unclassified,1,3,1,chr2,1
Cytoskeleton|RNA processing|Unclassified|Chromatin,1,4,1,chr4,1
Cytoskeleton|RNA processing|Unclassified|Cytoskeleton|Unclassified|DNA repair,1,4,1,chr17,1
Cytoskeleton|RNA processing|Unclassified|RNA processing,1,3,1,chr10,1
Cytoskeleton|Structural|Unclassified|Cell cycle|Chromatin,1,5,1,chr1,1
Cytoskeleton|Unclassified|Proteolysis|Unclassified|Cell cycle,1,4,1,chr1,1
Cytoskeleton|Unclassified|RNA processing|Unclassified|Cytoskeleton|DNA repair,1,4,1,chr1,4
Cytoskeleton|Unclassified|Transcription,1,3,1,chr17,1
DNA repair|Cell cycle|Chromatin|RNA processing,1,4,1,chr5,1
DNA repair|Nuc acid bind|Unclassified|Cell adhesion,1,4,1,chr1,2
DNA repair|Unclassified|Cell cycle,1,3,1,chr3,1
Ion channel|Chromatin|RNA processing,1,3,1,chr1,2
Kinase|Cell cycle|Chromatin|Transcription|Chromatin|Unclassified,1,5,1,chr1,1
Kinase|Cell cycle|RNA processing|Unclassified|DNA repair,1,5,1,chr2,1
Kinase|RNA processing|Unclassified|Cytoskeleton|Unclassified|Cell cycle,1,5,1,chr6,1
Kinase|Structural|Chromatin,1,3,1,chr5,1
Kinase|Unclassified|DNA repair|Transcription|Unclassified|Kinase|Cell cycle,1,5,1,chr7,1
Methylation|Cell cycle|Methylation|Cell cycle|Methylation|Cell cycle|Methylation|Cell cycle|Methylation|Cell cycle|Methylation|Cell cycle|Methylation|Cell cycle|Methylation|Cell cycle|Methylation|Cell cycle|Methylation|Cell cycle|Methylation|Cell cycle|Methylation|Cell cycle|Methylation|Cell cycle|Methylation|Cell cycle|Methylation|Transcription,1,3,1,chr14,24
Methylation|Unclassified|Kinase|Cell cycle|Chromatin|Cytoskeleton,1,6,1,chr6,1
Phosphatase|Chromatin|Cytoskeleton,1,3,1,chr13,2
Phosphatase|Chromatin|Structural,1,3,1,chr1,2
Phosphatase|Chromatin|Unclassified,1,3,1,chr11,1
Phosphatase|Chromatin|Unclassified|Cytoskeleton,1,4,1,chr1,2
Phosphatase|Structural|Chromatin|Cell cycle|Chromatin|Cell cycle|RNA processing,1,5,1,chr16,1
Phosphatase|Transcription|Chromatin,1,3,1,chr3,1
Phosphatase|Unclassified|Cell cycle|Cytoskeleton,1,4,1,chr4,1
Phosphatase|Unclassified|RNA processing|Cytoskeleton,1,4,1,chr6,1
Protein folding|Unclassified|Cytoskeleton,1,3,1,chr16,2
Proteolysis|Cytoskeleton|Chromatin|Transcription|Chromatin,1,4,1,chr13,1
Proteolysis|Cytoskeleton|Unclassified|RNA processing,1,4,1,chr10,2
Proteolysis|Unclassified|Cell adhesion|DNA repair,1,4,1,chr6,1
Proteolysis|Unclassified|Kinase,1,3,1,chr10,1
Proteolysis|Unclassified|Kinase|Cell cycle,1,4,1,chr13,1
Proteolysis|Unclassified|Kinase|Cytoskeleton|DNA repair,1,5,1,chr22,1
Proteolysis|Unclassified|RNA processing,1,3,1,chr1,2
Proteolysis|Unclassified|Structural,1,3,1,chrx,1
Proteolysis|Unclassified|Structural|Cytoskeleton,1,4,1,chr20,1
Proteolysis|Unclassified|Transcription|Cytoskeleton,1,4,1,chr2,1
RNA processing|Cell adhesion|Unclassified|Cell cycle,1,4,1,chr19,1
RNA processing|Cell cycle|Chromatin,1,3,1,chr9,1
RNA processing|Cell cycle|Unclassified|Chromatin|Cytoskeleton|DNA repair,1,6,1,chr1,2
RNA processing|Cell cycle|Unclassified|Kinase|Cell cycle|Unclassified,1,4,1,chr11,1
RNA processing|Chromatin|Cell adhesion,1,3,1,chr15,1
RNA processing|Chromatin|Cell cycle,1,3,1,chr13,1
RNA processing|Chromatin|Transcription|Chromatin,1,3,1,chr13,1
RNA processing|Chromatin|Transcription|Chromatin|RNA processing,1,3,1,chr16,1
RNA processing|Chromatin|Unclassified,1,3,1,chr17,1
RNA processing|Cytoskeleton|Unclassified|Chromatin,1,4,1,chr17,1
RNA processing|Protein folding|Unclassified|Cell cycle,1,4,1,chr1,1
RNA processing|Protein folding|Unclassified|Kinase|Cell cycle|Cytoskeleton|Transcription,1,7,1,chr3,1
RNA processing|Unclassified|Cell cycle|RNA processing,1,3,1,chr1,1
RNA processing|Unclassified|Cell cycle|Structural,1,4,1,chr4,1
RNA processing|Unclassified|Chromatin|DNA repair,1,4,1,chrx,1
RNA processing|Unclassified|Chromatin|Unclassified,1,3,1,chr2,1
RNA processing|Unclassified|Cytoskeleton|Cell adhesion,1,4,1,chr1,2
RNA processing|Unclassified|Cytoskeleton|Protein folding,1,4,1,chr12,2
RNA processing|Unclassified|Cytoskeleton|Unclassified,1,3,1,chr7,1
RNA processing|Unclassified|DNA repair|Unclassified|Kinase|RNA processing|Cell cycle,1,5,1,chr22,1
RNA processing|Unclassified|Kinase|Cell cycle,1,4,1,chr2,1
RNA processing|Unclassified|Kinase|Cell cycle|Cytoskeleton|DNA repair,1,6,1,chr15,1
RNA processing|Unclassified|Kinase|DNA repair,1,4,1,chr1,1
RNA processing|Unclassified|Kinase|Structural,1,4,1,chr6,1
RNA processing|Unclassified|Kinase|Unclassified|Cytoskeleton,1,4,1,chr5,1
RNA processing|Unclassified|RNA processing|Cytoskeleton,1,3,1,chr11,2
RNA processing|Unclassified|RNA processing|Cytoskeleton|Unclassified,1,3,1,chr12,1
RNA processing|Unclassified|Structural|Unclassified,1,3,1,chr10,1
RNA processing|Unclassified|Ubiquitin|Structural,1,4,1,chr6,1
Structural|Chromatin|RNA processing,1,3,1,chr11,1
Structural|Chromatin|Transcription,1,3,1,chr19,1
Structural|Chromatin|Transcription|Chromatin|Transcription|Chromatin|RNA processing,1,4,1,chr17,1
Structural|Phosphatase|Unclassified|Cytoskeleton,1,4,1,chr6,1
Structural|Unclassified|Cell cycle|DNA repair,1,4,1,chr9,1
Structural|Unclassified|Cytoskeleton|DNA repair,1,4,1,chr1,1
Structural|Unclassified|Cytoskeleton|Unclassified,1,3,1,chr10,1
Structural|Unclassified|Kinase,1,3,1,chr19,1
Structural|Unclassified|Kinase|Structural|Cell cycle|Unclassified,1,4,1,chr10,1
Structural|Unclassified|RNA processing,1,3,1,chr1,2
Transcription|Cell cycle|Chromatin,1,3,1,chr10,1
Transcription|Chromatin|Cell adhesion|RNA processing|Unclassified|DNA repair,1,6,1,chr12,3
Transcription|Chromatin|Cell adhesion|Transcription,1,3,1,chr1,1
Transcription|Chromatin|Cell cycle|Chromatin|Transcription|Chromatin,1,3,1,chr19,1
Transcription|Chromatin|Cell cycle|Transcription|Chromatin,1,3,1,chr16,2
Transcription|Chromatin|Cell cycle|Transcription|Chromatin|Transcription|Chromatin,1,3,1,chr14,1
Transcription|Chromatin|Cytoskeleton,1,3,1,chr12,2
Transcription|Chromatin|Cytoskeleton|Chromatin,1,3,1,chr22,1
Transcription|Chromatin|Structural|Chromatin,1,3,1,chr16,1
Transcription|Chromatin|Transcription|Cell adhesion,1,3,1,chr2,1
Transcription|Chromatin|Transcription|Cell cycle,1,3,1,chr11,3
Transcription|Chromatin|Transcription|Chromatin|Structural,1,3,1,chr7,1
Transcription|Chromatin|Transcription|Chromatin|Transcription|Chromatin|Unclassified,1,3,1,chr5,1
Transcription|Chromatin|Transcription|RNA processing,1,3,1,chr15,1
Transcription|Chromatin|Unclassified|Cell cycle,1,4,1,chrx,1
Transcription|Chromatin|Unclassified|Cytoskeleton,1,4,1,chr11,1
Transcription|Chromatin|Unclassified|Kinase,1,4,1,chr6,1
Transcription|RNA processing|Chromatin|Unclassified|Transcription,1,4,1,chr8,1
Transcription|Unclassified|Cell adhesion,1,3,1,chr12,1
Transcription|Unclassified|Chromatin|Cytoskeleton|DNA repair,1,5,1,chr5,1
Transcription|Unclassified|Cytoskeleton|DNA repair|Transcription|Unclassified,1,4,1,chr5,1
Transcription|Unclassified|Kinase|Cell cycle|Proteolysis,1,5,1,chr4,1
Transcription|Unclassified|Protein folding,1,3,1,chrx,1
Transcription|Unclassified|RNA processing|Cytoskeleton,1,4,1,chr17,1
Transport|Unclassified|Cell cycle,1,3,1,chr2,1
Ubiquitin|Chromatin|Unclassified,1,3,1,chr16,1
Ubiquitin|RNA processing|Unclassified,1,3,1,chr1,1
Ubiquitin|Unclassified|Cytoskeleton,1,3,1,chr16,2
Ubiquitin|Unclassified|Kinase,1,3,1,chr1,1
Unclassified|Cell adhesion|Cell cycle|RNA processing|Cytoskeleton|Unclassified,1,5,1,chr19,1
Unclassified|Cell adhesion|Unclassified|Cell adhesion|Unclassified|Cell adhesion|Unclassified|Cell adhesion|Unclassified|Cell adhesion|Unclassified|Cell adhesion|Unclassified|Cell adhesion|Unclassified|Cell cycle,1,3,1,chr14,128
Unclassified|Cell adhesion|Unclassified|Cell adhesion|Unclassified|Cell adhesion|Unclassified|Cell adhesion|Unclassified|Cell adhesion|Unclassified|Cell adhesion|Unclassified|Cell adhesion|Unclassified|Cell cycle|Methylation,1,4,1,chr14,7
Unclassified|Cell adhesion|Unclassified|Cell adhesion|Unclassified|Cell adhesion|Unclassified|Cell adhesion|Unclassified|Cell adhesion|Unclassified|Cell adhesion|Unclassified|Cell adhesion|Unclassified|Cell cycle|Methylation|Cell cycle,1,4,1,chr14,16
Unclassified|Cell adhesion|Unclassified|Cell adhesion|Unclassified|Cell adhesion|Unclassified|Cell adhesion|Unclassified|Cell adhesion|Unclassified|Cell adhesion|Unclassified|Cell adhesion|Unclassified|Cell cycle|Methylation|Cell cycle|Methylation,1,4,1,chr14,4
Unclassified|Cell adhesion|Unclassified|Cell adhesion|Unclassified|Cell adhesion|Unclassified|Cell adhesion|Unclassified|Cell adhesion|Unclassified|Cell adhesion|Unclassified|Cell adhesion|Unclassified|Cell cycle|Methylation|Cell cycle|Methylation|Cell cycle,1,4,1,chr14,8
Unclassified|Cell adhesion|Unclassified|Cell adhesion|Unclassified|Cell adhesion|Unclassified|Cell adhesion|Unclassified|Cell adhesion|Unclassified|Cell adhesion|Unclassified|Cell adhesion|Unclassified|Cell cycle|Methylation|Cell cycle|Methylation|Cell cycle|Methylation,1,4,1,chr14,6
Unclassified|Cell adhesion|Unclassified|Cell adhesion|Unclassified|Cell adhesion|Unclassified|Cell adhesion|Unclassified|Cell adhesion|Unclassified|Cell adhesion|Unclassified|Cell adhesion|Unclassified|Cell cycle|Methylation|Cell cycle|Methylation|Cell cycle|Methylation|Cell cycle,1,4,1,chr14,4
Unclassified|Cell adhesion|Unclassified|Cell adhesion|Unclassified|Cell adhesion|Unclassified|Cell adhesion|Unclassified|Cell adhesion|Unclassified|Cell adhesion|Unclassified|Cell adhesion|Unclassified|Cell cycle|Methylation|Cell cycle|Methylation|Cell cycle|Methylation|Cell cycle|Methylation,1,4,1,chr14,10
Unclassified|Cell adhesion|Unclassified|Cell adhesion|Unclassified|Cell adhesion|Unclassified|Cell adhesion|Unclassified|Cell adhesion|Unclassified|Cell adhesion|Unclassified|Cell adhesion|Unclassified|Cell cycle|Methylation|Cell cycle|Methylation|Cell cycle|Methylation|Cell cycle|Methylation|Cell cycle,1,4,1,chr14,4
Unclassified|Cell adhesion|Unclassified|Cell adhesion|Unclassified|Cell adhesion|Unclassified|Cell adhesion|Unclassified|Cell adhesion|Unclassified|Cell adhesion|Unclassified|Cell adhesion|Unclassified|Cell cycle|Methylation|Cell cycle|Methylation|Cell cycle|Methylation|Cell cycle|Methylation|Cell cycle|Methylation,1,4,1,chr14,10
Unclassified|Cell adhesion|Unclassified|Cell adhesion|Unclassified|Cell adhesion|Unclassified|Cell adhesion|Unclassified|Cell adhesion|Unclassified|Cell adhesion|Unclassified|Cell adhesion|Unclassified|Cell cycle|Methylation|Cell cycle|Methylation|Cell cycle|Methylation|Cell cycle|Methylation|Cell cycle|Methylation|Cell cycle,1,4,1,chr14,4
Unclassified|Cell adhesion|Unclassified|Cell adhesion|Unclassified|Cell adhesion|Unclassified|Cell adhesion|Unclassified|Cell adhesion|Unclassified|Cell adhesion|Unclassified|Cell adhesion|Unclassified|Cell cycle|Methylation|Cell cycle|Methylation|Cell cycle|Methylation|Cell cycle|Methylation|Cell cycle|Methylation|Cell cycle|Methylation,1,4,1,chr14,10
Unclassified|Cell adhesion|Unclassified|Cell adhesion|Unclassified|Cell adhesion|Unclassified|Cell adhesion|Unclassified|Cell adhesion|Unclassified|Cell adhesion|Unclassified|Cell adhesion|Unclassified|Cell cycle|Methylation|Cell cycle|Methylation|Cell cycle|Methylation|Cell cycle|Methylation|Cell cycle|Methylation|Cell cycle|Methylation|Cell cycle,1,4,1,chr14,4
Unclassified|Cell adhesion|Unclassified|Cell adhesion|Unclassified|Cell adhesion|Unclassified|Cell adhesion|Unclassified|Cell adhesion|Unclassified|Cell adhesion|Unclassified|Cell adhesion|Unclassified|Cell cycle|Methylation|Cell cycle|Methylation|Cell cycle|Methylation|Cell cycle|Methylation|Cell cycle|Methylation|Cell cycle|Methylation|Cell cycle|Methylation,1,4,1,chr14,35
Unclassified|Cell adhesion|Unclassified|Cell adhesion|Unclassified|Cell adhesion|Unclassified|Cell adhesion|Unclassified|Cell adhesion|Unclassified|Cell adhesion|Unclassified|Cell adhesion|Unclassified|Cell cycle|Methylation|Cell cycle|Methylation|Cell cycle|Methylation|Cell cycle|Methylation|Cell cycle|Methylation|Cell cycle|Methylation|Cell cycle|Methylation|Cell cycle,1,4,1,chr14,3
Unclassified|Cell adhesion|Unclassified|Cell adhesion|Unclassified|Cell adhesion|Unclassified|Cell adhesion|Unclassified|Cell adhesion|Unclassified|Cell adhesion|Unclassified|Cell adhesion|Unclassified|Cell cycle|Methylation|Cell cycle|Methylation|Cell cycle|Methylation|Cell cycle|Methylation|Cell cycle|Methylation|Cell cycle|Methylation|Cell cycle|Methylation|Cell cycle|Methylation,1,4,1,chr14,57
Unclassified|Cell adhesion|Unclassified|Cell adhesion|Unclassified|Cell adhesion|Unclassified|Cell adhesion|Unclassified|Cell adhesion|Unclassified|Cell adhesion|Unclassified|Cell adhesion|Unclassified|Cell cycle|Methylation|Cell cycle|Methylation|Cell cycle|Methylation|Cell cycle|Methylation|Cell cycle|Methylation|Cell cycle|Methylation|Cell cycle|Methylation|Cell cycle|Methylation|Cell cycle,1,4,1,chr14,1
Unclassified|Cell adhesion|Unclassified|Cell adhesion|Unclassified|Cell adhesion|Unclassified|Cell adhesion|Unclassified|Cell adhesion|Unclassified|Cell adhesion|Unclassified|Cell adhesion|Unclassified|Cell cycle|Methylation|Cell cycle|Methylation|Cell cycle|Methylation|Cell cycle|Methylation|Cell cycle|Methylation|Cell cycle|Methylation|Cell cycle|Methylation|Cell cycle|Methylation|Cell cycle|Methylation,1,4,1,chr14,1
Unclassified|Cell adhesion|Unclassified|Cell adhesion|Unclassified|Cell adhesion|Unclassified|Cell adhesion|Unclassified|Cell adhesion|Unclassified|Cell adhesion|Unclassified|Cell adhesion|Unclassified|Cell cycle|Methylation|Cell cycle|Methylation|Cell cycle|Methylation|Cell cycle|Methylation|Cell cycle|Methylation|Cell cycle|Methylation|Cell cycle|Methylation|Cell cycle|Methylation|Cell cycle|Methylation|Cell cycle,1,4,1,chr14,1
Unclassified|Cell adhesion|Unclassified|Cell adhesion|Unclassified|Cell adhesion|Unclassified|Cell adhesion|Unclassified|Cell adhesion|Unclassified|Cell adhesion|Unclassified|Cell adhesion|Unclassified|Cell cycle|Methylation|Cell cycle|Methylation|Cell cycle|Methylation|Cell cycle|Methylation|Cell cycle|Methylation|Cell cycle|Methylation|Cell cycle|Methylation|Cell cycle|Methylation|Cell cycle|Methylation|Cell cycle|Methylation,1,4,1,chr14,26
Unclassified|Cell adhesion|Unclassified|Cell adhesion|Unclassified|Cell adhesion|Unclassified|Cell adhesion|Unclassified|Cell adhesion|Unclassified|Cell adhesion|Unclassified|Cell adhesion|Unclassified|Cell cycle|Methylation|Cell cycle|Methylation|Cell cycle|Methylation|Cell cycle|Methylation|Cell cycle|Methylation|Cell cycle|Methylation|Cell cycle|Methylation|Cell cycle|Methylation|Cell cycle|Methylation|Cell cycle|Methylation|Transcription,1,5,1,chr14,14
Unclassified|Cell adhesion|Unclassified|Cell adhesion|Unclassified|Cell adhesion|Unclassified|Cell adhesion|Unclassified|Cell adhesion|Unclassified|Cell adhesion|Unclassified|Cell adhesion|Unclassified|Cell cycle|Methylation|Cell cycle|Methylation|Cell cycle|Methylation|Cell cycle|Methylation|Cell cycle|Methylation|Cell cycle|Methylation|Cell cycle|Methylation|Cell cycle|Methylation|Transcription,1,5,1,chr14,28
Unclassified|Cell adhesion|Unclassified|Cell adhesion|Unclassified|Cell adhesion|Unclassified|Cell adhesion|Unclassified|Cell adhesion|Unclassified|Cell adhesion|Unclassified|Cell adhesion|Unclassified|Cell cycle|Methylation|Cell cycle|Methylation|Cell cycle|Methylation|Cell cycle|Methylation|Cell cycle|Methylation|Cell cycle|Methylation|Cell cycle|Methylation|Transcription,1,5,1,chr14,14
Unclassified|Cell adhesion|Unclassified|Cell adhesion|Unclassified|Cell adhesion|Unclassified|Cell adhesion|Unclassified|Cell adhesion|Unclassified|Cell adhesion|Unclassified|Cell adhesion|Unclassified|Cell cycle|Methylation|Transcription,1,5,1,chr14,14
Unclassified|Cell adhesion|Unclassified|Cell adhesion|Unclassified|Cell adhesion|Unclassified|Cell adhesion|Unclassified|Cell adhesion|Unclassified|Cell adhesion|Unclassified|Cell cycle,1,3,1,chr14,112
Unclassified|Cell adhesion|Unclassified|Cell adhesion|Unclassified|Cell adhesion|Unclassified|Cell adhesion|Unclassified|Cell adhesion|Unclassified|Cell adhesion|Unclassified|Cell cycle|Methylation,1,4,1,chr14,13
Unclassified|Cell adhesion|Unclassified|Cell adhesion|Unclassified|Cell adhesion|Unclassified|Cell adhesion|Unclassified|Cell adhesion|Unclassified|Cell adhesion|Unclassified|Cell cycle|Methylation|Cell cycle,1,4,1,chr14,12
