file_path,description,rows,md5_checksum,sha256_checksum
server/data/human/vocabulary.csv,VALDICT001 vocabulary dictionary (1,932 two-byte words with functional annotations),1932,e57e9cd0e0a0722f210e40e5abb2eb1d,5ab8e2a553f05796cb98bfdf205259ada77ca352a9571b75340b02c9e5435215
server/data/human/gene_departments.csv,Gene-to-department mapping (GO-derived functional classification),17322,15515554722805eb6e777e399b1a239c,e67b287b44bfac0a5ae80af50494db8d22997e3f7253fc6894344ad128627fc0
exports/programs_annotated.csv,Annotated genome programs (4,936 programs with function sequences),4936,23285bb0d53c05b4f1b30b8f7bbef86d,c11379bac381945587e65624d99b51f0e36bca3edf0c887702faa9fbd316374d
exports/genome_primitives.csv,Genome primitives (116 recurring cross-chromosome programs),116,ff30248dce5d096d05b543b9e6e32e5e,d2552ac3b55351b9e0db81c27b46367c4424b5c91e8b22c8442763ba07058cbe
exports/primitive_annotations_complete.csv,Complete primitive annotations with BLAST results and genomic positions,116,a73f48eab42ce10ad280ca13e3745f8e,e13e8ab825fb3f6980efe575c0c67e9231df21c5e0e7bfaeb6819100ffce80ee
exports/execution_trace_summary.csv,Execution trace summary (7 entry points, dispatch edges by function),126,c3d960c5f65c60bd5f598391f6f9a7d6,d6d6389ce4277dff449baeed7b55b351dbe0d9c6a614ecf2b643b8dc6fd6fff9
exports/execution_trace_hop1.csv,Hop-1 dispatch edges (43,554 direct connections from entry points),43554,ce6e8c090541c9a5d1b4f65f339f82f3,6f19b57363777937c2b4e1878bc4f24fe675b1c80143ae1eb2c0504e693ae2dc
exports/chromosome_roles.csv,Chromosome role classification (KERNEL/RELAY/EFFECTOR from gap analysis),24,e8a52bbdde6fc49c5ab1cd00568b9fa0,ce012b97f7777f67791045fc92fb3707e7173a4ef6b1285eccaf18e83e3ae329
server/data/mouse/vocabulary.csv,Mouse vocabulary (1,117 words),1117,fc4829219ad8f7093edbde009b710556,8439ac4c75f84d9c822f66be680a1ec1c2ae765c566e6f983a211745e9689d35
server/data/zebrafish/vocabulary.csv,Zebrafish vocabulary (2,403 words),2403,2c8e764e1a23e956dc79cef0c2591209,6e7573df7e87f5a78744e5d86a3e47bc53341bb9c1fb78919fdd77fe9eafa30c
server/data/fly/vocabulary.csv,Drosophila vocabulary (937 words),937,23250b6f95b5cabc2c557502c137d029,f8a58dbaea34374d3102e39aca59e1e74d717049868cf14c2424e1bc5ffa882d
server/data/yeast/vocabulary.csv,Yeast vocabulary (123 words),123,ef858e4e5b27b515d17fc71b4f8d6f6b,4de3c291fb394623d6cc70b2c3d28ce31dd42a26bf3ea68366c97a6fa1fac26f
server/data/ecoli/vocabulary.csv,E. coli vocabulary (7 words),7,c6f907f07fe93e1b5e4421d6548e6933,06460dc0db1afb6e481b46f90cb8a2e746043410a4529f643f2f7ec329698657
