word_hex,word_length,occurrences,expected,token_enrichment,carrier_proteins,carrier_genes_go,carrier_genes_total,primary_function,primary_func_enrichment,primary_func_p_value,primary_func_carriers_in_cat,n_significant_functions,all_significant_functions
0xC71C,2,51,0.3,149.5,51,15,41,Unclassified,0,1.0,0,0,
0xCB2C,2,425,4.9,87.6,425,99,217,Chromatin,3.71,1.7586127510806876e-05,14,3,Chromatin(3.71x); Transcription(2.25x); Nuc acid bind(2.09x)
0xB2CB,2,249,3.9,64.6,249,58,135,Chromatin,3.17,0.005985243958901658,7,3,Chromatin(3.17x); Nuc acid bind(2.91x); Transcription(1.96x)
0xE79E,2,65,1.0,64.5,65,23,51,Nuc acid bind,3.67,5.168470987689733e-05,11,1,Nuc acid bind(3.67x)
0xF7DF,2,367,5.8,63.3,367,64,234,Nuc acid bind,2.16,0.0009704750685589005,18,1,Nuc acid bind(2.16x)
0x71C7,2,50,1.0,52.5,50,14,36,Unclassified,0,1.0,0,0,
0xA69A,2,228,4.5,50.8,228,63,167,Nuc acid bind,3.77,2.709502810372949e-12,31,1,Nuc acid bind(3.77x)
0x34D3,2,398,8.2,48.6,398,46,255,Immune,3.5,9.223220437208735e-05,12,1,Immune(3.5x)
0x2CB2,2,457,11.4,40.2,457,102,241,Chromatin,3.6,2.490381241479671e-05,14,3,Chromatin(3.6x); Transcription(2.18x); Nuc acid bind(2.03x)
0xCB2F,2,55,1.6,33.7,55,11,44,Chromatin,7.16,0.007145182905891484,3,1,Chromatin(7.16x)
0xA7DF,2,110,3.3,33.6,110,11,78,Nuc acid bind,3.49,0.008703070784795198,5,1,Nuc acid bind(3.49x)
0x0B90,2,61,1.9,31.4,61,19,54,Unclassified,0,1.0,0,0,
0x8968,2,180,6.1,29.6,180,41,139,Unclassified,0,1.0,0,0,
0xE5DE,2,59,2.0,29.4,59,25,46,RNA processing,16.93,9.217490518090062e-10,9,2,RNA processing(16.93x); Nuc acid bind(4.6x)
0x8B98,2,60,2.3,26.5,60,13,43,Unclassified,0,1.0,0,0,
0x75D7,2,664,27.2,24.4,664,148,413,Signaling,1.78,0.0009889040006367386,30,2,Signaling(1.78x); Transcription(1.69x)
0x6CB2,2,71,2.9,24.3,71,21,45,Transcription,2.81,9.106194345194426e-05,13,1,Transcription(2.81x)
0xC968,2,87,3.7,23.7,87,13,50,Unclassified,0,1.0,0,0,
0x8A28,2,516,22.0,23.4,516,137,359,Chromatin,3.26,1.2945295976272405e-05,17,3,Chromatin(3.26x); RNA processing(3.09x); Nuc acid bind(1.9x)
0x8B90,2,54,2.4,22.8,54,13,46,Unclassified,0,1.0,0,0,
0xB6DB,2,188,8.3,22.6,188,56,131,Nuc acid bind,2.05,0.004226109831568502,15,2,Nuc acid bind(2.05x); Transcription(1.78x)
0xE798,2,51,2.4,21.6,51,21,47,Unclassified,0,1.0,0,0,
0x8960,2,116,5.4,21.4,116,32,94,Cytoskeleton,5.88,0.004365447472916405,4,1,Cytoskeleton(5.88x)
0xE69A,2,60,2.8,21.2,60,31,51,Nuc acid bind,6.68,1.3991719872597592e-20,27,1,Nuc acid bind(6.68x)
0x0960,2,116,5.5,21.0,116,31,102,Kinase,3.02,0.0018795652614533459,9,2,Kinase(3.02x); Signaling(2.55x)
0xF4D3,2,81,4.0,20.4,81,17,51,Unclassified,0,1.0,0,0,
0xC960,2,66,3.3,20.1,66,16,45,Unclassified,0,1.0,0,0,
0xDCB2,2,206,10.3,20.0,206,45,132,Nuc acid bind,2.73,9.457839727647656e-05,16,2,Nuc acid bind(2.73x); Transcription(2.02x)
0x37D3,2,77,3.9,20.0,77,20,34,Unclassified,0,1.0,0,0,
0x0968,2,120,6.2,19.4,120,32,98,Unclassified,0,1.0,0,0,
0x8618,2,294,15.2,19.4,294,95,231,Chromatin,2.49,0.009581170589971495,9,2,Chromatin(2.49x); Transcription(1.53x)
0x72CB,2,254,14.2,17.9,254,61,147,Chromatin,3.01,0.00789517804087455,7,3,Chromatin(3.01x); Nuc acid bind(2.64x); Transcription(2.23x)
0x1CB2,2,91,5.1,17.9,91,25,67,Unclassified,0,1.0,0,0,
0xF7DC,2,60,3.4,17.9,60,15,38,Transcription,2.42,0.00780829824568353,8,1,Transcription(2.42x)
0x0568,2,72,4.0,17.8,72,16,62,Unclassified,0,1.0,0,0,
0x0690,2,57,3.2,17.8,57,18,47,Structural,8.29,0.005142572729952598,3,2,Structural(8.29x); Cytoskeleton(7.84x)
0x0560,2,64,3.6,17.7,64,16,61,Unclassified,0,1.0,0,0,
0xB7DF,2,76,4.4,17.4,76,13,63,Unclassified,0,1.0,0,0,
0x0820,2,279,16.3,17.1,279,64,206,Unclassified,0,1.0,0,0,
0xB568,2,119,7.1,16.9,119,33,76,Transport,3.25,1.177016448323473e-05,15,1,Transport(3.25x)
0x35D7,2,208,12.4,16.8,208,52,160,Unclassified,0,1.0,0,0,
0x9CB2,2,60,3.6,16.7,60,10,47,Unclassified,0,1.0,0,0,
0x8B25,2,84,5.1,16.5,84,19,69,Unclassified,0,1.0,0,0,
0xF72C,2,85,5.1,16.5,85,16,52,Nuc acid bind,3.35,0.00243759239420163,7,1,Nuc acid bind(3.35x)
0x7DF7,2,480,29.2,16.4,480,91,292,Chromatin,3.46,0.0001434942672871349,12,1,Chromatin(3.46x)
0xE797,2,59,3.7,15.9,59,20,54,Nuc acid bind,3.83,7.118757957117074e-05,10,1,Nuc acid bind(3.83x)
0xDCBD,2,129,8.4,15.3,129,29,78,Apoptosis,7.38,0.0073915697269093745,3,1,Apoptosis(7.38x)
0x7798,2,69,4.6,15.0,69,23,54,Nuc acid bind,2.67,0.006472436658692299,8,1,Nuc acid bind(2.67x)
0x5CB2,2,84,5.6,15.0,84,20,59,Unclassified,0,1.0,0,0,
0xF5D3,2,62,4.2,14.6,62,15,48,Transcription,2.42,0.00780829824568353,8,1,Transcription(2.42x)
0x8827,2,76,5.4,14.2,76,10,41,Cell adhesion,36.68,5.7865347518281136e-05,3,1,Cell adhesion(36.68x)
0x8628,2,291,21.6,13.5,291,81,242,RNA processing,3.48,0.007076880754598957,6,4,RNA processing(3.48x); Chromatin(2.92x); Ubiquitin(2.8x); Nuc acid bind(2.18x)
0x0827,2,63,4.7,13.5,63,11,56,Unclassified,0,1.0,0,0,
0xE560,2,58,4.3,13.5,58,16,42,Unclassified,0,1.0,0,0,
0x9F7D,2,176,13.3,13.2,176,23,133,Unclassified,0,1.0,0,0,
0x8A18,2,199,15.5,12.9,199,64,173,Nuc acid bind,1.92,0.00660895658031081,16,1,Nuc acid bind(1.92x)
0x7797,2,93,7.2,12.8,93,33,71,RNA processing,14.25,7.10255398313478e-10,10,2,RNA processing(14.25x); Nuc acid bind(4.18x)
0x0A28,2,162,12.8,12.7,162,41,116,Chromatin,3.84,0.004140624983726406,6,1,Chromatin(3.84x)
0x3560,2,87,6.8,12.7,87,22,60,Unclassified,0,1.0,0,0,
0x6F7D,2,120,9.5,12.6,120,24,68,Unclassified,0,1.0,0,0,
0x3650,2,68,5.4,12.6,68,16,49,Cell adhesion,15.28,0.007259167006768869,2,1,Cell adhesion(15.28x)
0x0A20,2,160,12.8,12.5,160,32,107,RNA processing,5.88,0.004365447472916405,4,1,RNA processing(5.88x)
0x28A2,2,571,46.5,12.3,571,142,393,Chromatin,2.59,0.0008885601663341503,14,2,Chromatin(2.59x); Nuc acid bind(1.84x)
0x7790,2,59,4.8,12.3,59,17,51,Unclassified,0,1.0,0,0,
0x8825,2,168,13.9,12.1,168,29,143,DNA repair,5.04,0.007433802993353631,4,1,DNA repair(5.04x)
0xB560,2,75,6.3,11.9,75,28,69,Unclassified,0,1.0,0,0,
0xE568,2,57,4.8,11.8,57,15,48,Unclassified,0,1.0,0,0,
0x75DE,2,82,7.0,11.7,82,29,58,Signaling,3.33,0.00018843684106924848,11,1,Signaling(3.33x)
0x35D3,2,89,7.6,11.6,89,19,74,Unclassified,0,1.0,0,0,
0x3568,2,88,7.7,11.5,88,20,66,Unclassified,0,1.0,0,0,
0x8A25,2,186,16.5,11.3,186,40,130,Chromatin,3.94,0.003647371300383264,6,1,Chromatin(3.94x)
0x8A2B,2,57,5.1,11.2,57,17,44,Structural,8.78,0.004348044817815086,3,1,Structural(8.78x)
0x9A69,2,404,36.4,11.1,404,115,293,Nuc acid bind,4.33,2.6033315647861966e-29,65,2,Nuc acid bind(4.33x); RNA processing(4.09x)
0x8420,2,66,6.0,11.0,66,13,55,Unclassified,0,1.0,0,0,
0x8821,2,77,7.0,11.0,77,22,66,Unclassified,0,1.0,0,0,
0x75DC,2,105,9.7,10.8,105,25,65,Unclassified,0,1.0,0,0,
0x4D34,2,580,54.6,10.6,580,97,372,Immune,2.21,0.0018983042278443191,16,2,Immune(2.21x); Proteolysis(2.1x)
0xA28A,2,195,18.3,10.6,195,53,158,Unclassified,0,1.0,0,0,
0x77D1,2,62,5.9,10.6,62,15,35,Cell adhesion,16.3,0.006384407035808567,2,1,Cell adhesion(16.3x)
0x772C,2,66,6.2,10.6,66,19,38,Unclassified,0,1.0,0,0,
0x0825,2,128,12.2,10.5,128,46,101,Cell adhesion,7.97,0.00598331570906511,3,1,Cell adhesion(7.97x)
0xDF7D,2,861,82.6,10.4,861,179,545,Chromatin,2.49,0.00038748386523787217,17,2,Chromatin(2.49x); Transcription(1.67x)
0x8828,2,193,18.6,10.4,193,48,149,Chromatin,3.28,0.009077233406141236,6,1,Chromatin(3.28x)
0x5B98,2,108,10.4,10.4,108,36,86,Unclassified,0,1.0,0,0,
0x79E7,2,139,13.4,10.4,139,37,107,Unclassified,0,1.0,0,0,
0x2CBD,2,94,9.3,10.1,94,21,63,Unclassified,0,1.0,0,0,
0x5B90,2,110,10.9,10.1,110,31,83,Unclassified,0,1.0,0,0,
0xB5D7,2,114,11.4,10.0,114,39,86,Unclassified,0,1.0,0,0,
0x75D3,2,168,16.8,10.0,168,38,108,Unclassified,0,1.0,0,0,
0x6E42,2,89,8.9,10.0,89,27,65,Unclassified,0,1.0,0,0,
0x0828,2,163,16.3,10.0,163,41,128,Nuc acid bind,2.24,0.00467825837031091,12,1,Nuc acid bind(2.24x)
0x0821,2,61,6.1,10.0,61,11,54,Unclassified,0,1.0,0,0,
0xB420,2,98,9.9,9.9,98,35,76,Unclassified,0,1.0,0,0,
0x0A25,2,94,9.5,9.9,94,21,72,Unclassified,0,1.0,0,0,
0xF5D7,2,68,6.9,9.9,68,24,55,Kinase,3.47,0.001246829093694915,8,2,Kinase(3.47x); Signaling(2.93x)
0xD34D,2,930,95.7,9.7,930,174,618,Proteolysis,2.09,0.0002794237294129217,25,1,Proteolysis(2.09x)
0x8A21,2,80,8.3,9.7,80,20,66,Unclassified,0,1.0,0,0,
0x09D0,2,77,7.9,9.7,77,19,69,Signaling,3.7,0.0006416341393024582,8,1,Signaling(3.7x)
0xD5BD,2,252,26.3,9.6,252,56,205,Signaling,2.04,0.008592860425076102,13,1,Signaling(2.04x)
0x75D8,2,249,26.3,9.5,249,62,193,Chromatin,3.39,0.002183682845971928,8,1,Chromatin(3.39x)
0x75DA,2,93,9.9,9.4,93,30,69,Unclassified,0,1.0,0,0,
0x74D3,2,103,10.9,9.4,103,16,78,Unclassified,0,1.0,0,0,
0x9E79,2,142,15.2,9.3,142,39,99,Ion channel,4.13,0.00123379796984509,7,1,Ion channel(4.13x)
0xE425,2,63,6.7,9.3,63,19,51,Unclassified,0,1.0,0,0,
0x74D7,2,163,17.7,9.2,163,35,112,Cell adhesion,10.48,0.0027432524162033125,3,1,Cell adhesion(10.48x)
0x75D0,2,199,21.6,9.2,199,57,164,Signaling,2.16,0.0037867412277629606,14,1,Signaling(2.16x)
0x7207,2,58,6.3,9.2,58,12,33,Transcription,2.65,0.006839127815152193,7,1,Transcription(2.65x)
0x25AD,2,231,25.5,9.1,231,61,183,Nuc acid bind,1.89,0.009865887144355184,15,1,Nuc acid bind(1.89x)
0x8820,2,171,18.7,9.1,171,45,150,Unclassified,0,1.0,0,0,
0x7560,2,137,15.1,9.1,137,35,113,Unclassified,0,1.0,0,0,
0x6C82,2,54,6.0,9.1,54,15,44,Unclassified,0,1.0,0,0,
0xA425,2,56,6.2,9.1,56,10,42,Unclassified,0,1.0,0,0,
0x5960,2,294,32.5,9.0,294,69,213,Unclassified,0,1.0,0,0,
0xCA28,2,52,5.8,9.0,52,12,39,Unclassified,0,1.0,0,0,
0xE420,2,81,9.1,8.9,81,29,66,Chromatin,4.53,0.004263290609583111,5,1,Chromatin(4.53x)
0x7618,2,166,18.6,8.9,166,50,130,Unclassified,0,1.0,0,0,
0x75DB,2,129,14.5,8.9,129,34,85,Unclassified,0,1.0,0,0,
0xD082,2,399,45.6,8.8,399,96,337,Chromatin,2.73,0.0032517194889113243,10,1,Chromatin(2.73x)
0x820A,2,110,12.5,8.8,110,20,94,Signaling,3.95,0.00015760431162276868,9,1,Signaling(3.95x)
0xA20A,2,103,11.6,8.8,103,26,81,DNA repair,8.44,5.40909037648027e-05,6,1,DNA repair(8.44x)
0x8208,2,126,14.5,8.7,126,34,103,Unclassified,0,1.0,0,0,
0xDC9D,2,155,17.8,8.7,155,48,125,Unclassified,0,1.0,0,0,
0x72C9,2,104,12.1,8.6,104,20,71,Nuc acid bind,3.07,0.002375054335910239,8,1,Nuc acid bind(3.07x)
0x7427,2,53,6.2,8.6,53,15,45,Unclassified,0,1.0,0,0,
0xF420,2,67,7.8,8.6,67,19,52,Unclassified,0,1.0,0,0,
0x4D37,2,194,22.8,8.5,194,31,112,Unclassified,0,1.0,0,0,
0x2E79,2,211,25.0,8.5,211,52,141,Cytoskeleton,4.52,0.004604397145040551,5,2,Cytoskeleton(4.52x); Chromatin(3.53x)
0xD5AD,2,332,39.0,8.5,332,98,282,Transport,2.41,4.823365812935534e-07,33,1,Transport(2.41x)
0xD5B1,2,58,6.8,8.5,58,19,48,Unclassified,0,1.0,0,0,
0xD59D,2,468,55.6,8.4,468,122,374,Signaling,2.02,0.0001730465941470142,28,2,Signaling(2.02x); Transport(1.99x)
0x7627,2,64,7.6,8.4,64,15,53,Unclassified,0,1.0,0,0,
0x6881,2,70,8.3,8.4,70,12,48,Unclassified,0,1.0,0,0,
0x41A4,2,142,17.0,8.4,142,40,112,Unclassified,0,1.0,0,0,
0x98B9,2,71,8.4,8.4,71,10,44,Unclassified,0,1.0,0,0,
0x2082,2,460,55.4,8.3,460,109,370,DNA repair,3.02,0.0026977181904459494,9,3,DNA repair(3.02x); Nuc acid bind(1.97x); Kinase(1.91x)
0xD5A9,2,172,20.9,8.2,172,53,133,Kinase,2.55,0.0011464496580603342,13,2,Kinase(2.55x); Transport(2.16x)
0x3657,2,52,6.3,8.2,52,10,41,Unclassified,0,1.0,0,0,
0xDC8D,2,81,9.9,8.2,81,16,55,Cell adhesion,15.28,0.007259167006768869,2,1,Cell adhesion(15.28x)
0x7DA7,2,142,17.2,8.2,142,13,117,Chromatin,8.08,0.0011083074782725383,4,1,Chromatin(8.08x)
0x596B,2,98,11.9,8.2,98,23,86,Unclassified,0,1.0,0,0,
0x7698,2,72,8.8,8.2,72,14,49,Cell adhesion,17.47,0.005561596490997315,2,1,Cell adhesion(17.47x)
0x8D34,2,60,7.3,8.2,60,10,36,Unclassified,0,1.0,0,0,
0x25A2,2,318,39.2,8.1,318,69,236,Signaling,2.29,0.0004981110274360904,18,1,Signaling(2.29x)
0x3457,2,55,6.8,8.1,55,17,41,Cell adhesion,21.57,0.0003152595666336123,3,1,Cell adhesion(21.57x)
0xE5D7,2,63,7.8,8.1,63,17,54,Signaling,4.65,3.127411652182954e-05,9,1,Signaling(4.65x)
0xA691,2,50,6.2,8.1,50,15,35,Unclassified,0,1.0,0,0,
0x25A1,2,162,20.2,8.0,162,35,112,Unclassified,0,1.0,0,0,
0xDE79,2,259,32.4,8.0,259,70,193,Unclassified,0,1.0,0,0,
0x2E42,2,202,25.7,7.9,202,52,150,Chromatin,3.53,0.0032236789561078624,7,1,Chromatin(3.53x)
0x596C,2,98,12.4,7.9,98,33,66,Transport,2.6,0.0010793282085536822,12,1,Transport(2.6x)
0x77D7,2,90,11.4,7.9,90,19,61,Signaling,3.24,0.0035054772864072914,7,1,Signaling(3.24x)
0x72C8,2,84,10.7,7.9,84,18,57,Transcription,2.27,0.008222628318611758,9,1,Transcription(2.27x)
0x09D5,2,86,10.9,7.9,86,17,76,Unclassified,0,1.0,0,0,
0xA18A,2,68,8.6,7.9,68,19,66,Unclassified,0,1.0,0,0,
0x2882,2,397,50.7,7.8,397,96,289,Chromatin,3.01,0.000929768990696102,11,1,Chromatin(3.01x)
0x609D,2,100,12.8,7.8,100,23,78,Unclassified,0,1.0,0,0,
0x4208,2,300,38.7,7.8,300,73,235,Nuc acid bind,2.31,8.94300408984383e-05,22,1,Nuc acid bind(2.31x)
0xB425,2,56,7.4,7.6,56,11,42,Unclassified,0,1.0,0,0,
0x7568,2,128,16.9,7.6,128,33,105,Signaling,3.2,0.0001542918202024463,12,2,Signaling(3.2x); Kinase(2.84x)
0x258D,2,152,20.1,7.5,152,31,124,Cell adhesion,11.83,0.0019266624046394587,3,1,Cell adhesion(11.83x)
0x7621,2,75,10.0,7.5,75,19,53,Structural,7.86,0.006019005449742399,3,1,Structural(7.86x)
0x37D5,2,51,6.8,7.5,51,13,37,Unclassified,0,1.0,0,0,
0xDB6D,2,794,107.2,7.4,794,210,532,Cell adhesion,3.49,0.0063876493541983725,6,3,Cell adhesion(3.49x); Chromatin(2.5x); Nuc acid bind(1.64x)
0x769A,2,54,7.3,7.4,54,18,38,Unclassified,0,1.0,0,0,
0x28A1,2,178,24.0,7.4,178,60,134,Chromatin,4.38,7.086909007474519e-05,10,1,Chromatin(4.38x)
0x77D5,2,92,12.4,7.4,92,18,56,Unclassified,0,1.0,0,0,
0x7567,2,77,10.4,7.4,77,17,62,Unclassified,0,1.0,0,0,
0x596E,2,58,7.9,7.4,58,20,42,Ion channel,4.6,0.009686179339431462,4,2,Ion channel(4.6x); Transport(3.21x)
0x6882,2,132,18.0,7.3,132,35,109,Unclassified,0,1.0,0,0,
0x25B9,2,164,22.4,7.3,164,39,141,Unclassified,0,1.0,0,0,
0xE628,2,75,10.3,7.3,75,22,56,Structural,6.78,0.009159819583897425,3,1,Structural(6.78x)
0x0620,2,67,9.2,7.3,67,21,57,Unclassified,0,1.0,0,0,
0x8568,2,85,11.6,7.3,85,17,68,Unclassified,0,1.0,0,0,
0x5CA2,2,76,10.5,7.3,76,18,51,Unclassified,0,1.0,0,0,
0x5967,2,163,22.4,7.3,163,42,123,Ion channel,5.48,8.266880801052452e-06,10,2,Ion channel(5.48x); Signaling(2.3x)
0x4104,2,83,11.4,7.3,83,13,67,Unclassified,0,1.0,0,0,
0x6082,2,110,15.1,7.3,110,33,93,Unclassified,0,1.0,0,0,
0x7DF6,2,304,41.5,7.3,304,51,221,Chromatin,3.6,0.002880134238548893,7,2,Chromatin(3.6x); Nuc acid bind(2.11x)
0x5081,2,73,10.0,7.3,73,19,63,Chromatin,5.53,0.005024260568964805,4,1,Chromatin(5.53x)
0x1E79,2,103,14.1,7.3,103,33,78,RNA processing,7.12,0.0005775201938773751,5,2,RNA processing(7.12x); Nuc acid bind(3.25x)
0x5963,2,50,6.9,7.3,50,13,39,Unclassified,0,1.0,0,0,
0x420A,2,239,33.4,7.2,239,65,204,DNA repair,3.38,0.008154960413020815,6,2,DNA repair(3.38x); Nuc acid bind(2.01x)
0x75D5,2,213,29.8,7.2,213,61,183,Unclassified,0,1.0,0,0,
0x75D1,2,101,14.0,7.2,101,20,75,Unclassified,0,1.0,0,0,
0x7628,2,188,26.5,7.1,188,54,138,Cell adhesion,13.58,3.727258734065156e-06,6,2,Cell adhesion(13.58x); Structural(4.61x)
0x69A6,2,494,69.9,7.1,494,127,356,Cell adhesion,4.81,0.00337991217157616,5,2,Cell adhesion(4.81x); Nuc acid bind(3.26x)
0x68A2,2,118,16.5,7.1,118,19,93,Kinase,3.29,0.006933818683904881,6,1,Kinase(3.29x)
0x508D,2,72,10.2,7.1,72,21,59,Unclassified,0,1.0,0,0,
0x7690,2,66,9.3,7.1,66,21,58,Unclassified,0,1.0,0,0,
0x909D,2,100,14.0,7.1,100,31,81,Cell adhesion,11.83,0.0019266624046394587,3,2,Cell adhesion(11.83x); Signaling(2.55x)
0xDC81,2,68,9.6,7.1,68,17,46,Unclassified,0,1.0,0,0,
0xE5D8,2,53,7.5,7.1,53,18,44,Unclassified,0,1.0,0,0,
0x5082,2,154,21.7,7.1,154,35,134,Unclassified,0,1.0,0,0,
0x6DB6,2,531,75.7,7.0,531,150,366,Cell adhesion,4.89,0.001173885190094125,6,2,Cell adhesion(4.89x); Chromatin(2.28x)
0x7725,2,72,10.3,7.0,72,23,61,Unclassified,0,1.0,0,0,
0xDCAD,2,88,12.5,7.0,88,25,64,Nuc acid bind,2.76,0.0030016326818459275,9,1,Nuc acid bind(2.76x)
0x2582,2,294,42.8,6.9,294,63,226,DNA repair,4.06,0.0014869307120778123,7,1,DNA repair(4.06x)
0x35D0,2,68,9.8,6.9,68,23,56,Unclassified,0,1.0,0,0,
0x25A9,2,94,13.7,6.9,94,28,83,DNA repair,5.22,0.00654429743464804,4,1,DNA repair(5.22x)
0x8A20,2,153,22.1,6.9,153,38,118,Chromatin,4.84,0.00047594036807102705,7,2,Chromatin(4.84x); Nuc acid bind(2.42x)
0x69A7,2,153,22.0,6.9,153,54,111,Nuc acid bind,3.98,6.190963135571919e-12,28,1,Nuc acid bind(3.98x)
0x90B9,2,60,8.6,6.9,60,18,57,RNA processing,7.84,0.006024705592833762,3,3,RNA processing(7.84x); Chromatin(5.83x); Nuc acid bind(3.41x)
0x68B9,2,65,9.4,6.9,65,14,50,Unclassified,0,1.0,0,0,
0xD75D,2,2027,297.9,6.8,2027,478,1329,Chromatin,1.92,7.921949498532545e-05,35,2,Chromatin(1.92x); Transcription(1.67x)
0x72CA,2,66,9.7,6.8,66,19,46,Chromatin,5.53,0.005024260568964805,4,2,Chromatin(5.53x); Transcription(2.39x)
0x1881,2,120,17.7,6.8,120,34,83,Cell cycle,13.98,0.008659128711792868,2,1,Cell cycle(13.98x)
0x5A27,2,102,15.0,6.8,102,20,56,Unclassified,0,1.0,0,0,
0x09D8,2,65,9.6,6.8,65,13,53,Unclassified,0,1.0,0,0,
0x9082,2,113,16.5,6.8,113,37,91,Unclassified,0,1.0,0,0,
0x2CB9,2,82,12.1,6.8,82,21,60,Unclassified,0,1.0,0,0,
0x9B7D,2,126,18.4,6.8,126,11,109,Cell adhesion,22.23,0.003413561486423161,2,2,Cell adhesion(22.23x); Chromatin(7.16x)
0x5D75,2,1260,188.8,6.7,1260,290,790,Transcription,1.52,2.3613231815126725e-06,97,1,Transcription(1.52x)
0x79E6,2,175,26.2,6.7,175,58,132,Nuc acid bind,2.25,0.0007995614373792235,17,1,Nuc acid bind(2.25x)
0x18A1,2,122,18.2,6.7,122,34,99,Unclassified,0,1.0,0,0,
0x20B9,2,195,29.0,6.7,195,50,155,DNA repair,4.39,0.0021864072934334807,6,1,DNA repair(4.39x)
0x628A,2,520,77.2,6.7,520,117,361,Chromatin,3.37,2.9090475812189227e-05,15,2,Chromatin(3.37x); Nuc acid bind(1.64x)
0x5968,2,246,36.5,6.7,246,74,209,Unclassified,0,1.0,0,0,
0x4209,2,203,30.2,6.7,203,52,164,Unclassified,0,1.0,0,0,
0x79E5,2,164,24.4,6.7,164,47,128,Unclassified,0,1.0,0,0,
0x20A2,2,341,50.8,6.7,341,89,276,RNA processing,4.23,0.00052935612021633,8,3,RNA processing(4.23x); Chromatin(3.54x); Nuc acid bind(2.41x)
0x18A2,2,235,35.3,6.7,235,64,189,Unclassified,0,1.0,0,0,
0xA208,2,90,13.5,6.7,90,26,77,Nuc acid bind,2.65,0.004070864142889748,9,1,Nuc acid bind(2.65x)
0xE625,2,51,7.7,6.6,51,19,40,Unclassified,0,1.0,0,0,
0x5E42,2,129,19.5,6.6,129,31,100,Unclassified,0,1.0,0,0,
0x259D,2,240,36.3,6.6,240,72,206,Unclassified,0,1.0,0,0,
0xD8A2,2,336,50.7,6.6,336,74,246,Unclassified,0,1.0,0,0,
0x60A2,2,92,13.8,6.6,92,19,71,Unclassified,0,1.0,0,0,
0x620A,2,318,49.0,6.5,318,66,223,Unclassified,0,1.0,0,0,
0xD881,2,165,25.4,6.5,165,45,139,Kinase,2.54,0.002799649387617386,11,1,Kinase(2.54x)
0x6209,2,286,44.3,6.5,286,75,247,Ubiquitin,2.68,0.009165383152036839,8,1,Ubiquitin(2.68x)
0x6DF6,2,332,51.0,6.5,332,48,247,Cytoskeleton,5.88,0.0004688162355739177,6,1,Cytoskeleton(5.88x)
0x89D8,2,61,9.4,6.5,61,13,59,Unclassified,0,1.0,0,0,
0x34D7,2,86,13.3,6.5,86,20,61,Unclassified,0,1.0,0,0,
0x68AD,2,70,10.7,6.5,70,14,55,Cell adhesion,17.47,0.005561596490997315,2,1,Cell adhesion(17.47x)
0xB620,2,124,19.1,6.5,124,23,100,Unclassified,0,1.0,0,0,
0xE428,2,59,9.0,6.5,59,19,49,Unclassified,0,1.0,0,0,
0xD58D,2,198,30.8,6.4,198,58,160,Unclassified,0,1.0,0,0,
0x2962,2,201,31.4,6.4,201,40,137,Cell adhesion,18.34,6.012394967819673e-07,6,2,Cell adhesion(18.34x); Structural(4.98x)
0x5E79,2,122,18.9,6.4,122,35,80,Unclassified,0,1.0,0,0,
0xB428,2,63,9.9,6.4,63,21,48,Unclassified,0,1.0,0,0,
0x6B6D,2,116,18.2,6.4,116,33,87,Unclassified,0,1.0,0,0,
0xD5B9,2,220,34.3,6.4,220,56,175,Signaling,2.35,0.0010773036998703589,15,1,Signaling(2.35x)
0x1082,2,120,18.9,6.4,120,29,101,Unclassified,0,1.0,0,0,
0x3628,2,95,14.9,6.4,95,25,70,Unclassified,0,1.0,0,0,
0x6E79,2,55,8.6,6.4,55,17,43,Unclassified,0,1.0,0,0,
0x25BD,2,109,17.2,6.4,109,34,94,Unclassified,0,1.0,0,0,
0xE620,2,65,10.4,6.3,65,17,49,Unclassified,0,1.0,0,0,
0x28B9,2,168,26.5,6.3,168,42,108,Unclassified,0,1.0,0,0,
0x28AD,2,191,30.2,6.3,191,54,148,Structural,8.29,8.905401802939126e-07,9,3,Structural(8.29x); Cytoskeleton(5.22x); GTPase(3.19x)
0xD09D,2,242,38.7,6.3,242,56,199,Chromatin,3.28,0.00491975353852721,7,1,Chromatin(3.28x)
0x60B9,2,50,7.9,6.3,50,17,47,Unclassified,0,1.0,0,0,
0x5E41,2,92,14.5,6.3,92,23,63,Cell adhesion,15.95,0.0007938870307779392,3,1,Cell adhesion(15.95x)
0xCB25,2,51,8.0,6.3,51,15,38,Transcription,2.72,0.0016125492715668597,9,1,Transcription(2.72x)
0xD8A1,2,161,26.2,6.2,161,49,134,Unclassified,0,1.0,0,0,
0x2A72,2,62,10.1,6.2,62,12,28,Structural,12.44,0.0015127365550228395,3,1,Structural(12.44x)
0xD08D,2,134,21.5,6.2,134,36,119,DNA repair,5.08,0.0026843079985937645,5,1,DNA repair(5.08x)
0x2B6D,2,291,47.6,6.1,291,74,195,Chromatin,3.9,9.10971269947606e-05,11,1,Chromatin(3.9x)
0x2B72,2,131,21.5,6.1,131,35,77,Chromatin,4.5,0.001805003750609334,6,2,Chromatin(4.5x); Transcription(2.2x)
0x34D8,2,78,12.8,6.1,78,10,57,Unclassified,0,1.0,0,0,
0x209D,2,288,47.1,6.1,288,70,227,Kinase,2.08,0.005789840678167336,14,1,Kinase(2.08x)
0x5A2B,2,73,12.1,6.1,73,10,52,Unclassified,0,1.0,0,0,
0xA288,2,91,14.8,6.1,91,20,75,DNA repair,7.31,0.0018326817250437668,4,2,DNA repair(7.31x); RNA processing(7.05x)
0xA697,2,52,8.6,6.1,52,15,40,Nuc acid bind,3.58,0.0015424650862690965,7,1,Nuc acid bind(3.58x)
0x9420,2,81,13.2,6.1,81,24,70,Unclassified,0,1.0,0,0,
0x2C81,2,65,10.6,6.1,65,18,42,Nuc acid bind,2.98,0.0053628328384914235,7,1,Nuc acid bind(2.98x)
0x8288,2,97,15.9,6.1,97,28,79,Unclassified,0,1.0,0,0,
0x108D,2,54,8.9,6.1,54,21,45,Unclassified,0,1.0,0,0,
0x75D9,2,56,9.2,6.1,56,14,44,Unclassified,0,1.0,0,0,
0x0628,2,56,9.2,6.1,56,19,48,Unclassified,0,1.0,0,0,
0x1451,2,70,11.8,6.0,70,13,60,Unclassified,0,1.0,0,0,
0x688D,2,51,8.5,6.0,51,14,45,Unclassified,0,1.0,0,0,
0xA186,2,56,9.3,6.0,56,22,50,Unclassified,0,1.0,0,0,
0x0A18,2,54,9.0,6.0,54,13,46,Kinase,4.0,0.0053506897448818,5,1,Kinase(4.0x)
0xADB6,2,59,9.8,6.0,59,12,39,Chromatin,6.56,0.009263376101323608,3,1,Chromatin(6.56x)
0x5C82,2,68,11.4,6.0,68,26,60,Unclassified,0,1.0,0,0,
0x7420,2,130,21.5,6.0,130,34,105,Structural,5.85,0.00445396602401083,4,2,Structural(5.85x); Chromatin(5.4x)
0x7DB7,2,145,24.3,6.0,145,25,100,Unclassified,0,1.0,0,0,
0x1041,2,107,17.8,6.0,107,23,80,Unclassified,0,1.0,0,0,
0x25B2,2,126,21.0,6.0,126,28,90,Unclassified,0,1.0,0,0,
0x420B,2,75,12.6,6.0,75,19,55,Unclassified,0,1.0,0,0,
0xB5D8,2,65,11.0,5.9,65,14,56,Unclassified,0,1.0,0,0,
0x6DB7,2,176,29.8,5.9,176,44,125,Cell adhesion,8.34,0.005278815631695777,3,3,Cell adhesion(8.34x); Chromatin(4.18x); Nuc acid bind(2.09x)
0x208D,2,154,26.1,5.9,154,43,126,DNA repair,4.25,0.00588804230754923,5,1,DNA repair(4.25x)
0x7697,2,82,13.9,5.9,82,23,54,Unclassified,0,1.0,0,0,
0xD581,2,177,30.1,5.9,177,47,147,Unclassified,0,1.0,0,0,
0x8625,2,95,16.1,5.9,95,22,76,Unclassified,0,1.0,0,0,
0x68A1,2,50,8.5,5.9,50,14,46,Unclassified,0,1.0,0,0,
0x2B62,2,259,44.3,5.8,259,49,155,Structural,5.08,0.002775881126355415,5,2,Structural(5.08x); Nuc acid bind(2.19x)
0x6186,2,440,75.5,5.8,440,127,327,Cell adhesion,4.81,0.00337991217157616,5,4,Cell adhesion(4.81x); DNA repair(3.17x); Structural(3.13x); Chromatin(2.69x)
0xD74D,2,940,162.5,5.8,940,225,656,Signaling,1.8,3.6581498480408515e-05,46,2,Signaling(1.8x); Transcription(1.53x)
0xD88D,2,150,26.0,5.8,150,30,111,Unclassified,0,1.0,0,0,
0xD5A1,2,180,31.0,5.8,180,50,145,Signaling,2.11,0.008665051764779209,12,1,Signaling(2.11x)
0x2F4D,2,161,27.5,5.8,161,42,101,Cell adhesion,8.73,0.0046270963726983165,3,1,Cell adhesion(8.73x)
0xB5D5,2,72,12.4,5.8,72,16,61,Unclassified,0,1.0,0,0,
0x82E4,2,50,8.7,5.8,50,11,33,Unclassified,0,1.0,0,0,
0x50A1,2,58,10.2,5.7,58,13,43,Unclassified,0,1.0,0,0,
0x8560,2,59,10.3,5.7,59,16,51,Unclassified,0,1.0,0,0,
0x2462,2,59,10.4,5.7,59,12,30,Unclassified,0,1.0,0,0,
0x2F72,2,80,14.1,5.7,80,19,58,Transcription,2.63,0.0007285567501584565,11,1,Transcription(2.63x)
0xB625,2,81,14.2,5.7,81,22,63,Unclassified,0,1.0,0,0,
0x7987,2,52,9.1,5.7,52,21,43,RNA processing,6.72,0.009378262356394,3,2,RNA processing(6.72x); Nuc acid bind(4.02x)
0x2581,2,112,19.7,5.7,112,25,83,Cell adhesion,14.67,0.0010195273711443534,3,2,Cell adhesion(14.67x); Signaling(2.81x)
0xA209,2,59,10.5,5.6,59,12,54,Unclassified,0,1.0,0,0,
0x79E4,2,125,22.5,5.6,125,35,98,Unclassified,0,1.0,0,0,
0x1620,2,97,17.3,5.6,97,22,81,Nuc acid bind,3.14,0.0010493815919789345,9,1,Nuc acid bind(3.14x)
0x7425,2,89,16.0,5.6,89,25,68,Unclassified,0,1.0,0,0,
0x20AD,2,184,33.0,5.6,184,57,152,Nuc acid bind,2.15,0.001876230161667342,16,1,Nuc acid bind(2.15x)
0x7977,2,143,25.7,5.6,143,48,112,RNA processing,9.8,3.864141082936624e-08,10,2,RNA processing(9.8x); Nuc acid bind(3.51x)
0xA568,2,67,11.9,5.6,67,23,44,Unclassified,0,1.0,0,0,
0x35D5,2,75,13.5,5.5,75,27,64,Signaling,2.6,0.008279474805697849,8,1,Signaling(2.6x)
0xB6D0,2,69,12.4,5.5,69,18,55,Nuc acid bind,3.41,0.0010475860866660611,8,1,Nuc acid bind(3.41x)
0x6289,2,240,43.5,5.5,240,67,198,Chromatin,3.13,0.003585084513261195,8,1,Chromatin(3.13x)
0xD37D,2,480,87.5,5.5,480,116,314,Transcription,1.88,1.6626987119009475e-06,48,2,Transcription(1.88x); Signaling(1.82x)
0x7620,2,145,26.6,5.5,145,36,108,Nuc acid bind,2.34,0.004650581236885034,11,1,Nuc acid bind(2.34x)
0x7417,2,50,9.2,5.5,50,11,39,Unclassified,0,1.0,0,0,
0x4DF4,2,164,29.9,5.5,164,38,104,Unclassified,0,1.0,0,0,
0x74D5,2,107,19.3,5.5,107,25,88,Ion channel,4.6,0.003839812368848144,5,2,Ion channel(4.6x); Transport(2.57x)
0x5451,2,55,9.9,5.5,55,12,47,Unclassified,0,1.0,0,0,
0xDB7D,2,462,86.1,5.4,462,87,317,Cytoskeleton,3.78,0.0022878827972372126,7,2,Cytoskeleton(3.78x); Chromatin(3.02x)
0x620B,2,100,18.5,5.4,100,35,84,Unclassified,0,1.0,0,0,
0x7650,2,52,9.6,5.4,52,17,42,Unclassified,0,1.0,0,0,
0x8458,2,60,11.2,5.4,60,11,42,Unclassified,0,1.0,0,0,
0x9560,2,107,19.8,5.4,107,31,91,Unclassified,0,1.0,0,0,
0x5D76,2,942,177.2,5.3,942,221,642,Cell adhesion,3.87,0.001732950906811349,7,3,Cell adhesion(3.87x); Chromatin(1.9x); Signaling(1.55x)
0x5D74,2,747,139.8,5.3,747,193,507,Cell adhesion,4.43,0.0007802104638265889,7,1,Cell adhesion(4.43x)
0x5D77,2,371,69.9,5.3,371,87,252,Signaling,2.02,0.0014164317914687756,20,1,Signaling(2.02x)
0x689D,2,81,15.3,5.3,81,17,57,Unclassified,0,1.0,0,0,
0x8818,2,69,13.1,5.3,69,12,51,Unclassified,0,1.0,0,0,
0xD8AD,2,173,32.9,5.3,173,53,137,Unclassified,0,1.0,0,0,
0xDCB9,2,58,11.0,5.3,58,12,42,Cytoskeleton,11.76,0.0017815047547242392,3,2,Cytoskeleton(11.76x); Kinase(4.34x)
0xD0B9,2,127,23.8,5.3,127,39,106,DNA repair,4.69,0.0038408922469209826,5,2,DNA repair(4.69x); Nuc acid bind(2.16x)
0xD0BD,2,97,18.3,5.3,97,24,80,Unclassified,0,1.0,0,0,
0x1628,2,91,17.2,5.3,91,14,72,Unclassified,0,1.0,0,0,
0x10B9,2,52,9.9,5.3,52,11,30,Unclassified,0,1.0,0,0,
0x72B7,2,71,13.5,5.3,71,15,43,Unclassified,0,1.0,0,0,
0x2E62,2,193,37.3,5.2,193,38,113,Structural,6.55,0.0008688019005172799,5,2,Structural(6.55x); Ubiquitin(3.97x)
0x2162,2,241,46.2,5.2,241,50,166,Unclassified,0,1.0,0,0,
0x20BD,2,115,22.2,5.2,115,34,95,Unclassified,0,1.0,0,0,
0x1618,2,63,12.1,5.2,63,15,52,Unclassified,0,1.0,0,0,
0xDA69,2,350,67.0,5.2,350,81,233,Unclassified,0,1.0,0,0,
0x6E62,2,67,12.9,5.2,67,20,47,Unclassified,0,1.0,0,0,
0x50B9,2,59,11.3,5.2,59,18,51,Kinase,3.47,0.005153724150950916,6,1,Kinase(3.47x)
0x2E72,2,95,18.1,5.2,95,16,56,Unclassified,0,1.0,0,0,
0xA289,2,54,10.3,5.2,54,16,43,Cytoskeleton,8.82,0.004263652301595122,3,2,Cytoskeleton(8.82x); DNA repair(6.86x)
0x1560,2,105,20.1,5.2,105,23,96,Transport,2.48,0.009946688883200902,8,1,Transport(2.48x)
0x7DF4,2,145,28.5,5.1,145,38,113,Unclassified,0,1.0,0,0,
0x9E42,2,80,15.6,5.1,80,25,60,Chromatin,5.25,0.0021570762170526623,5,1,Chromatin(5.25x)
0xD35D,2,902,175.5,5.1,902,218,622,Unclassified,0,1.0,0,0,
0x4D36,2,309,60.0,5.1,309,57,199,Cell adhesion,8.58,0.0010897799874555738,4,3,Cell adhesion(8.58x); Structural(5.24x); Immune(2.35x)
0x35D8,2,61,11.9,5.1,61,16,52,Cell adhesion,15.28,0.007259167006768869,2,1,Cell adhesion(15.28x)
0x5A20,2,266,52.4,5.1,266,59,197,Unclassified,0,1.0,0,0,
0x20A1,2,133,26.2,5.1,133,28,111,Unclassified,0,1.0,0,0,
0x74D0,2,72,14.0,5.1,72,24,57,Unclassified,0,1.0,0,0,
0x4D35,2,258,50.8,5.1,258,63,183,Ion channel,2.92,0.005453306181458254,8,1,Ion channel(2.92x)
0x74DF,2,56,10.9,5.1,56,14,46,Unclassified,0,1.0,0,0,
0x4DF5,2,141,27.4,5.1,141,39,121,Unclassified,0,1.0,0,0,
0x85D8,2,91,18.0,5.1,91,28,73,Unclassified,0,1.0,0,0,
0x934D,2,74,14.6,5.1,74,21,53,Cytoskeleton,8.96,0.0008685009706624088,4,2,Cytoskeleton(8.96x); Structural(7.11x)
0xD081,2,107,20.9,5.1,107,27,91,Unclassified,0,1.0,0,0,
0x72F7,2,83,16.3,5.1,83,17,51,Nuc acid bind,3.61,0.0006560367803572858,8,1,Nuc acid bind(3.61x)
0x9425,2,50,9.9,5.1,50,11,43,Unclassified,0,1.0,0,0,
0x89D7,2,50,9.8,5.1,50,13,41,Unclassified,0,1.0,0,0,
0x75D75D75,4,26,5.2,5.0,26,7,16,Unclassified,0,1.0,0,0,
0xD75D75,3,91,18.2,5.0,91,24,63,Unclassified,0,1.0,0,0,
0x75D75D,3,144,28.8,5.0,144,38,96,Unclassified,0,1.0,0,0,
0xD34D34,3,204,40.8,5.0,204,22,121,Structural,6.78,0.009159819583897425,3,1,Structural(6.78x)
0x72CB2C,3,66,13.2,5.0,66,16,37,Transcription,3.4,9.214404266057493e-06,12,1,Transcription(3.4x)
0xF7DF7D,3,141,28.2,5.0,141,20,81,Chromatin,6.56,0.0007345489518347699,5,1,Chromatin(6.56x)
0xB2CB2C,3,117,23.4,5.0,117,32,63,Chromatin,4.1,0.006594048279121524,5,3,Chromatin(4.1x); Nuc acid bind(2.88x); Transcription(1.99x)
0xB6DB6D,3,59,11.8,5.0,59,23,39,Nuc acid bind,3.33,0.00030512825968482014,10,2,Nuc acid bind(3.33x); Transcription(2.17x)
0xCB2CB2,3,158,31.6,5.0,158,41,91,Chromatin,4.48,0.0007700581475482603,7,3,Chromatin(4.48x); Transcription(2.55x); Nuc acid bind(2.24x)
0x2A69,2,112,22.4,5.0,112,28,70,Nuc acid bind,2.46,0.007080578402119133,9,1,Nuc acid bind(2.46x)
0x4D34D34D,4,117,23.4,5.0,117,10,66,Unclassified,0,1.0,0,0,
0x34D34D34,4,78,15.6,5.0,78,8,46,Unclassified,0,1.0,0,0,
0x34D34D,3,211,42.2,5.0,211,21,120,Structural,9.48,0.000701196671129395,4,1,Structural(9.48x)
0x4D34D3,3,203,40.6,5.0,203,19,120,Structural,10.47,0.00046826489107365727,4,2,Structural(10.47x); Proteolysis(3.83x)
0xDF7DF7,3,124,24.8,5.0,124,21,78,Chromatin,5.0,0.00731126643481197,4,2,Chromatin(5.0x); Nuc acid bind(3.29x)
0xCB20,2,54,10.8,5.0,54,14,41,RNA processing,10.08,0.002858038658157344,3,1,RNA processing(10.08x)
0x7DF7DF7D,4,62,12.4,5.0,62,5,38,Unclassified,0,1.0,0,0,
0xDF7DF7DF,4,48,9.6,5.0,48,5,30,Cytoskeleton,18.81,0.00429070760923011,2,1,Cytoskeleton(18.81x)
0xF7DF7DF7,4,39,7.8,5.0,39,5,29,Cytoskeleton,18.81,0.00429070760923011,2,1,Cytoskeleton(18.81x)
0x7DF7DF,3,126,25.2,5.0,126,19,76,Chromatin,8.29,5.0064335416523685e-05,6,2,Chromatin(8.29x); Cytoskeleton(7.42x)
0xCB2CB2CB,4,56,11.2,5.0,56,14,33,Unclassified,0,1.0,0,0,
0xB2CB2CB2,4,46,9.2,5.0,46,16,32,Chromatin,6.56,0.0025794155077368693,4,1,Chromatin(6.56x)
0x2CB2CB2C,4,47,9.4,5.0,47,11,28,Transcription,2.89,0.00351287655187186,7,1,Transcription(2.89x)
0xD75D76,3,40,8.0,5.0,40,10,26,Unclassified,0,1.0,0,0,
0x2CB2CB,3,134,26.8,5.0,134,33,66,Nuc acid bind,2.56,0.002160929549259809,11,2,Nuc acid bind(2.56x); Transcription(2.48x)
0xDB6DB6,3,54,10.8,5.0,54,19,33,Chromatin,5.53,0.005024260568964805,4,1,Chromatin(5.53x)
0x6DB6DB,3,51,10.2,5.0,51,18,33,Chromatin,5.83,0.004086149377138729,4,1,Chromatin(5.83x)
0x5A21,2,99,19.6,5.0,99,18,65,Cell adhesion,13.58,0.009161124760858001,2,3,Cell adhesion(13.58x); Structural(8.29x); Chromatin(5.83x)
0xD75D74,3,29,5.8,5.0,29,9,21,Unclassified,0,1.0,0,0,
0x9A69A69A69,5,23,4.6,5.0,23,7,18,Nuc acid bind,5.48,0.0006208169406615324,5,1,Nuc acid bind(5.48x)
0x9A69A69A,4,35,7.0,5.0,35,9,25,Nuc acid bind,5.11,0.0002840111128653971,6,1,Nuc acid bind(5.11x)
0x69A69A69,4,51,10.2,5.0,51,14,37,Nuc acid bind,4.93,1.1173656717554692e-05,9,1,Nuc acid bind(4.93x)
0x69A69A,3,84,16.8,5.0,84,25,64,Nuc acid bind,5.52,1.8353061241142438e-11,18,1,Nuc acid bind(5.52x)
0x9A69A6,3,77,15.4,5.0,77,24,61,Nuc acid bind,4.79,1.895941641150685e-08,15,1,Nuc acid bind(4.79x)
0xA69A69,3,92,18.4,5.0,92,25,65,Nuc acid bind,4.6,4.1757455678448665e-08,15,1,Nuc acid bind(4.6x)
0x74D75D,3,34,6.8,5.0,34,9,21,Cell adhesion,27.17,0.0022574124245295954,2,1,Cell adhesion(27.17x)
0x5D75D7,3,112,22.4,5.0,112,27,70,Unclassified,0,1.0,0,0,
0xA79A69,3,20,4.0,5.0,20,11,19,Nuc acid bind,7.67,1.701061225924443e-10,11,1,Nuc acid bind(7.67x)
0x8A28A2,3,40,8.0,5.0,40,13,32,Unclassified,0,1.0,0,0,
0x28A28A,3,35,7.0,5.0,35,14,31,Nuc acid bind,3.83,0.000925687896768801,7,1,Nuc acid bind(3.83x)
0x2A42,2,72,14.3,5.0,72,18,52,Signaling,3.42,0.0024503771795791954,7,1,Signaling(3.42x)
0x082082,3,28,5.6,5.0,28,5,16,Unclassified,0,1.0,0,0,
0x1E42,2,73,14.5,5.0,73,26,68,Unclassified,0,1.0,0,0,
0xF72CB2,3,20,4.0,5.0,20,6,13,Unclassified,0,1.0,0,0,
0xE795,2,58,11.6,5.0,58,13,47,Unclassified,0,1.0,0,0,
0xA28A28,3,37,7.4,5.0,37,10,27,Unclassified,0,1.0,0,0,
0x5D75D75D,4,31,6.2,5.0,31,10,26,Unclassified,0,1.0,0,0,
0x5DE5DE,3,21,4.2,5.0,21,7,17,RNA processing,20.15,0.0003062192194063111,3,2,RNA processing(20.15x); Nuc acid bind(6.57x)
0xB72B72,3,22,4.4,5.0,22,5,10,Unclassified,0,1.0,0,0,
0x7617,2,57,11.3,5.0,57,14,49,Unclassified,0,1.0,0,0,
0x89D5,2,54,10.7,5.0,54,19,50,Unclassified,0,1.0,0,0,
0xA7DF69,3,80,16.0,5.0,80,5,58,Unclassified,0,1.0,0,0,
0xA69A69A6,4,33,6.6,5.0,33,7,24,Nuc acid bind,5.48,0.0006208169406615324,5,1,Nuc acid bind(5.48x)
0xD75D75D7,4,24,4.8,5.0,24,7,18,Unclassified,0,1.0,0,0,
0x977977,3,25,5.0,5.0,25,14,20,RNA processing,20.15,2.0534403552120114e-07,6,2,RNA processing(20.15x); Nuc acid bind(5.48x)
0x5D35D7,3,28,5.6,5.0,28,7,16,Unclassified,0,1.0,0,0,
0x186186,3,24,4.8,5.0,24,6,18,Unclassified,0,1.0,0,0,
0x618618,3,20,4.0,5.0,20,5,14,Unclassified,0,1.0,0,0,
0xF4D34D,3,41,8.2,5.0,41,6,23,Immune,6.71,0.006927548035421951,3,1,Immune(6.71x)
0xD34D34D3,4,121,24.2,5.0,121,9,67,Unclassified,0,1.0,0,0,
0xD74D75,3,24,4.8,5.0,24,7,15,Unclassified,0,1.0,0,0,
0x69E69A,3,21,4.2,5.0,21,13,19,Nuc acid bind,7.67,2.789670184453464e-12,13,1,Nuc acid bind(7.67x)
0xE5DE5D,3,33,6.6,5.0,33,14,26,RNA processing,23.51,4.7438270153280675e-09,7,2,RNA processing(23.51x); Nuc acid bind(6.03x)
0x797797,3,30,6.0,5.0,30,14,24,RNA processing,23.51,4.7438270153280675e-09,7,2,RNA processing(23.51x); Nuc acid bind(6.03x)
0x75D74D,3,23,4.6,5.0,23,6,14,Unclassified,0,1.0,0,0,
0x4D34D34D34,5,42,8.4,5.0,42,6,30,Unclassified,0,1.0,0,0,
0x628A28,3,28,5.6,5.0,28,6,15,Unclassified,0,1.0,0,0,
0xD34D34D34D,5,70,14.0,5.0,70,6,35,Unclassified,0,1.0,0,0,
